Subnum,nowblock,nowblocktype,nowtrial,ind_up_color,test_color,testspeed,keypress,opposite_to_ind_response,RT,sospeed2
1,1,1,1,0,0,-1.00E-01,1,1,1.263,1
1,1,1,2,0,0,-1.00E-01,0,0,0.78,1
1,1,1,3,0,0,-5.00E-02,1,1,0.983,1
1,1,1,4,0,1,1.00E-01,1,0,0.828,5
1,1,1,5,0,0,1.00E-01,1,1,0.805,1
1,1,1,6,0,1,-5.00E-02,1,0,0.929,5
1,1,1,7,0,1,0,1,0,0.784,3
1,1,1,8,0,0,1.00E-01,1,1,0.819,1
1,1,1,9,0,1,5.00E-02,1,0,0.773,5
1,1,1,10,0,1,5.00E-02,1,0,0.914,5
1,1,1,11,0,0,5.00E-02,1,1,1.224,1
1,1,1,12,0,1,1.00E-01,0,1,1.529,5
1,1,1,13,0,0,0,1,1,0.815,3
1,1,1,14,0,1,-5.00E-02,0,1,1.69,5
1,1,1,15,0,0,0,1,1,1.241,3
1,1,1,16,0,0,-5.00E-02,1,1,0.73,1
1,1,1,17,0,1,-1.00E-01,1,0,1.312,5
1,1,1,18,0,1,5.00E-02,1,0,1.236,5
1,1,1,19,0,1,0,0,1,1.047,3
1,1,1,20,0,0,1.00E-01,1,1,1.536,1
1,1,1,21,0,0,0,1,1,0.749,3
1,1,1,22,0,0,-5.00E-02,1,1,0.722,1
1,1,1,23,0,1,-1.00E-01,1,0,1.473,5
1,1,1,24,0,1,0,1,0,0.543,3
1,1,1,25,0,0,1.00E-01,1,1,0.575,1
1,1,1,26,0,0,5.00E-02,0,0,0.243,1
1,1,1,27,0,1,1.00E-01,1,0,1.013,5
1,1,1,28,0,1,-5.00E-02,1,0,0.608,5
1,1,1,29,0,1,1.00E-01,1,0,0.875,5
1,1,1,30,0,1,-1.00E-01,1,0,0.971,5
1,1,1,31,0,0,5.00E-02,1,1,1.127,1
1,1,1,32,0,0,5.00E-02,0,0,0.694,1
1,1,1,33,0,0,-1.00E-01,1,1,0.612,1
1,1,1,34,0,1,5.00E-02,0,1,1.057,5
1,1,1,35,0,0,0,1,1,0.529,3
1,1,1,36,0,1,-1.00E-01,0,1,0.999,5
1,1,1,37,0,0,-5.00E-02,1,1,0.538,1
1,1,1,38,0,1,-5.00E-02,1,0,0.696,5
1,1,1,39,0,1,0,1,0,0.624,3
1,1,1,40,0,0,-1.00E-01,1,1,0.505,1
1,2,2,1,1,0,-5.00E-02,1,0,1.238,5
1,2,2,2,1,1,5.00E-02,1,1,0.998,1
1,2,2,3,1,0,0,0,1,1.368,3
1,2,2,4,1,1,1.00E-01,1,1,0,1
1,2,2,5,1,1,1.00E-01,0,0,0.945,1
1,2,2,6,1,0,5.00E-02,1,0,0.526,5
1,2,2,7,1,0,0,1,0,0.541,3
1,2,2,8,1,1,1.00E-01,0,0,0.994,1
1,2,2,9,1,1,0,0,0,0.414,3
1,2,2,10,1,0,-1.00E-01,1,0,0.425,5
1,2,2,11,1,0,0,1,0,0.483,3
1,2,2,12,1,1,0,0,0,0.475,3
1,2,2,13,1,0,-1.00E-01,1,0,0.676,5
1,2,2,14,1,1,5.00E-02,0,0,0.739,1
1,2,2,15,1,0,1.00E-01,1,0,0.354,5
1,2,2,16,1,0,-5.00E-02,1,0,0.351,5
1,2,2,17,1,1,5.00E-02,0,0,0.516,1
1,2,2,18,1,1,-5.00E-02,0,0,0.907,1
1,2,2,19,1,0,5.00E-02,1,0,0.674,5
1,2,2,20,1,1,0,0,0,0.739,3
1,2,2,21,1,1,-5.00E-02,1,1,0.505,1
1,2,2,22,1,0,1.00E-01,0,1,1.271,5
1,2,2,23,1,1,-1.00E-01,0,0,0.952,1
1,2,2,24,1,0,-1.00E-01,1,0,0.461,5
1,2,2,25,1,0,-1.00E-01,1,0,0.772,5
1,2,2,26,1,1,-1.00E-01,1,1,0.953,1
1,2,2,27,1,1,-1.00E-01,1,1,1.559,1
1,2,2,28,1,0,5.00E-02,1,0,1.035,5
1,2,2,29,1,0,5.00E-02,0,1,1.02,5
1,2,2,30,1,1,-1.00E-01,1,1,0.351,1
1,2,2,31,1,0,1.00E-01,0,1,0.021,5
1,2,2,32,1,1,0,1,1,0.456,3
1,2,2,33,1,0,0,1,0,0.505,3
1,2,2,34,1,0,-5.00E-02,1,0,0.584,5
1,2,2,35,1,1,1.00E-01,0,0,0.54,1
1,2,2,36,1,0,1.00E-01,1,0,0.394,5
1,2,2,37,1,1,-5.00E-02,1,1,1.126,1
1,2,2,38,1,1,-5.00E-02,1,1,0.588,1
1,2,2,39,1,0,-5.00E-02,1,0,0.414,5
1,2,2,40,1,1,5.00E-02,0,0,0.601,1
1,3,2,1,1,1,-1.00E-01,0,0,1.401,1
1,3,2,2,1,1,-1.00E-01,0,0,1.283,1
1,3,2,3,1,0,-5.00E-02,1,0,0.323,5
1,3,2,4,1,1,5.00E-02,1,1,0.69,1
1,3,2,5,1,0,5.00E-02,1,0,0.745,5
1,3,2,6,1,0,-1.00E-01,1,0,0.582,5
1,3,2,7,1,0,0,1,0,0.643,3
1,3,2,8,1,0,0,1,0,0.725,3
1,3,2,9,1,1,0,1,1,0.707,3
1,3,2,10,1,1,-5.00E-02,0,0,0.588,1
1,3,2,11,1,1,-5.00E-02,1,1,1.381,1
1,3,2,12,1,1,5.00E-02,1,1,0.674,1
1,3,2,13,1,0,-1.00E-01,1,0,0.514,5
1,3,2,14,1,1,5.00E-02,0,0,0.593,1
1,3,2,15,1,0,0,0,1,0.724,3
1,3,2,16,1,0,5.00E-02,1,0,0.427,5
1,3,2,17,1,0,-1.00E-01,1,0,0.724,5
1,3,2,18,1,1,1.00E-01,0,0,0.788,1
1,3,2,19,1,0,-1.00E-01,1,0,0.895,5
1,3,2,20,1,1,1.00E-01,0,0,1.135,1
1,3,2,21,1,0,-5.00E-02,1,0,0.917,5
1,3,2,22,1,0,-5.00E-02,1,0,0.658,5
1,3,2,23,1,0,-5.00E-02,0,1,1.468,5
1,3,2,24,1,0,1.00E-01,1,0,0.564,5
1,3,2,25,1,1,-5.00E-02,0,0,0.631,1
1,3,2,26,1,1,-5.00E-02,0,0,2.154,1
1,3,2,27,1,1,0,1,1,0.782,3
1,3,2,28,1,1,5.00E-02,0,0,0.586,1
1,3,2,29,1,0,1.00E-01,1,0,0.486,5
1,3,2,30,1,1,-1.00E-01,1,1,1.237,1
1,3,2,31,1,1,-1.00E-01,1,1,1.391,1
1,3,2,32,1,0,5.00E-02,0,1,1.018,5
1,3,2,33,1,0,5.00E-02,0,1,0.611,5
1,3,2,34,1,1,0,1,1,1.095,3
1,3,2,35,1,1,1.00E-01,1,1,1.471,1
1,3,2,36,1,1,0,0,0,1.071,3
1,3,2,37,1,1,1.00E-01,0,0,0.735,1
1,3,2,38,1,0,0,1,0,0.732,3
1,3,2,39,1,0,1.00E-01,1,0,0.722,5
1,3,2,40,1,0,1.00E-01,1,0,0.696,5
1,4,2,1,1,0,0,1,0,1.654,3
1,4,2,2,1,0,-5.00E-02,1,0,0.902,5
1,4,2,3,1,0,5.00E-02,1,0,0.533,5
1,4,2,4,1,1,5.00E-02,0,0,0.491,1
1,4,2,5,1,1,5.00E-02,1,1,0.459,1
1,4,2,6,1,1,0,1,1,1.02,3
1,4,2,7,1,0,-1.00E-01,1,0,0.43,5
1,4,2,8,1,1,5.00E-02,0,0,0.784,1
1,4,2,9,1,1,0,1,1,0.5,3
1,4,2,10,1,1,-5.00E-02,1,1,9.764,1
1,4,2,11,1,0,1.00E-01,0,1,29.649,5
1,4,2,12,1,0,-1.00E-01,1,0,0.388,5
1,4,2,13,1,0,-5.00E-02,1,0,1.264,5
1,4,2,14,1,1,0,0,0,0.505,3
1,4,2,15,1,1,-1.00E-01,0,0,0.552,1
1,4,2,16,1,1,-5.00E-02,1,1,0.598,1
1,4,2,17,1,0,-1.00E-01,1,0,0.433,5
1,4,2,18,1,1,1.00E-01,0,0,0.267,1
1,4,2,19,1,1,1.00E-01,1,1,0.251,1
1,4,2,20,1,1,1.00E-01,0,0,0.155,1
1,4,2,21,1,0,1.00E-01,1,0,0.17,5
1,4,2,22,1,0,5.00E-02,1,0,0.446,5
1,4,2,23,1,0,-1.00E-01,1,0,0.48,5
1,4,2,24,1,1,5.00E-02,0,0,0.417,1
1,4,2,25,1,1,-1.00E-01,0,0,0.723,1
1,4,2,26,1,0,-5.00E-02,1,0,0.33,5
1,4,2,27,1,1,-5.00E-02,0,0,0.56,1
1,4,2,28,1,1,0,0,0,0.79,3
1,4,2,29,1,0,-5.00E-02,1,0,0.545,5
1,4,2,30,1,0,0,1,0,0.295,3
1,4,2,31,1,0,1.00E-01,1,0,1.008,5
1,4,2,32,1,0,5.00E-02,1,0,0.562,5
1,4,2,33,1,1,-1.00E-01,1,1,1.175,1
1,4,2,34,1,0,0,0,1,0.499,3
1,4,2,35,1,1,-5.00E-02,1,1,0.082,1
1,4,2,36,1,0,5.00E-02,1,0,0.562,5
1,4,2,37,1,0,1.00E-01,1,0,0.272,5
1,4,2,38,1,0,0,1,0,0.28,3
1,4,2,39,1,1,-1.00E-01,1,1,0.537,1
1,4,2,40,1,1,1.00E-01,0,0,0.519,1
1,5,1,1,0,1,1.00E-01,1,0,0.803,5
1,5,1,2,0,1,5.00E-02,0,1,0.823,5
1,5,1,3,0,0,1.00E-01,1,1,0.865,1
1,5,1,4,0,1,-5.00E-02,1,0,0.506,5
1,5,1,5,0,0,5.00E-02,1,1,0.937,1
1,5,1,6,0,1,-5.00E-02,0,1,0.647,5
1,5,1,7,0,1,5.00E-02,0,1,0.696,5
1,5,1,8,0,0,0,0,0,0.807,3
1,5,1,9,0,1,0,1,0,0.514,3
1,5,1,10,0,0,-1.00E-01,1,1,0.441,1
1,5,1,11,0,1,0,1,0,0.602,3
1,5,1,12,0,0,0,1,1,0.534,3
1,5,1,13,0,0,5.00E-02,1,1,0.492,1
1,5,1,14,0,1,1.00E-01,1,0,0.9,5
1,5,1,15,0,0,5.00E-02,1,1,1.131,1
1,5,1,16,0,1,1.00E-01,0,1,0.848,5
1,5,1,17,0,1,-1.00E-01,1,0,0.513,5
1,5,1,18,0,0,-1.00E-01,0,0,0.92,1
1,5,1,19,0,0,-1.00E-01,1,1,0.687,1
1,5,1,20,0,0,1.00E-01,1,1,0.615,1
1,5,1,21,0,0,-5.00E-02,1,1,0.577,1
1,5,1,22,0,1,-1.00E-01,1,0,0.67,5
1,5,1,23,0,0,-5.00E-02,1,1,0.918,1
1,5,1,24,0,0,-1.00E-01,1,1,0.675,1
1,5,1,25,0,1,-5.00E-02,1,0,0.661,5
1,5,1,26,0,0,5.00E-02,0,0,0.494,1
1,5,1,27,0,0,-5.00E-02,1,1,0.667,1
1,5,1,28,0,0,0,1,1,0.663,3
1,5,1,29,0,1,0,0,1,0.655,3
1,5,1,30,0,0,1.00E-01,1,1,0.928,1
1,5,1,31,0,1,1.00E-01,0,1,1.263,5
1,5,1,32,0,0,-5.00E-02,1,1,0.654,1
1,5,1,33,0,1,5.00E-02,1,0,0.6,5
1,5,1,34,0,1,0,1,0,0.924,3
1,5,1,35,0,0,1.00E-01,1,1,0.417,1
1,5,1,36,0,1,5.00E-02,1,0,0.659,5
1,5,1,37,0,1,-5.00E-02,1,0,0.654,5
1,5,1,38,0,1,-1.00E-01,1,0,0.655,5
1,5,1,39,0,1,-1.00E-01,0,1,0.28,5
1,5,1,40,0,0,0,1,1,0.215,3
1,6,1,1,0,0,1.00E-01,0,0,1.153,1
1,6,1,2,0,0,-1.00E-01,1,1,0.278,1
1,6,1,3,0,1,5.00E-02,0,1,0.974,5
1,6,1,4,0,1,-1.00E-01,1,0,0.834,5
1,6,1,5,0,1,-1.00E-01,1,0,2.82,5
1,6,1,6,0,0,5.00E-02,0,0,0.477,1
1,6,1,7,0,1,-5.00E-02,1,0,0.43,5
1,6,1,8,0,0,0,0,0,0.672,3
1,6,1,9,0,1,-5.00E-02,1,0,0.607,5
1,6,1,10,0,1,0,1,0,0.667,3
1,6,1,11,0,1,-5.00E-02,0,1,0.475,5
1,6,1,12,0,0,-5.00E-02,1,1,0.684,1
1,6,1,13,0,1,1.00E-01,1,0,0.684,5
1,6,1,14,0,1,1.00E-01,0,1,1.339,5
1,6,1,15,0,0,1.00E-01,1,1,0.289,1
1,6,1,16,0,0,5.00E-02,1,1,0.169,1
1,6,1,17,0,1,1.00E-01,1,0,0.59,5
1,6,1,18,0,0,1.00E-01,0,0,0.482,1
1,6,1,19,0,0,0,1,1,0.442,3
1,6,1,20,0,1,1.00E-01,0,1,0.747,5
1,6,1,21,0,1,5.00E-02,1,0,0.521,5
1,6,1,22,0,0,-5.00E-02,1,1,0.575,1
1,6,1,23,0,0,-1.00E-01,1,1,0.508,1
1,6,1,24,0,1,-5.00E-02,1,0,0.467,5
1,6,1,25,0,1,5.00E-02,1,0,0.5,5
1,6,1,26,0,1,0,1,0,0.555,3
1,6,1,27,0,1,0,1,0,0.569,3
1,6,1,28,0,0,1.00E-01,0,0,0.564,1
1,6,1,29,0,0,-1.00E-01,1,1,0.242,1
1,6,1,30,0,0,5.00E-02,0,0,0.452,1
1,6,1,31,0,1,-1.00E-01,1,0,0.381,5
1,6,1,32,0,0,-5.00E-02,1,1,0.329,1
1,6,1,33,0,1,-1.00E-01,0,1,0.608,5
1,6,1,34,0,0,-1.00E-01,1,1,0.33,1
1,6,1,35,0,0,0,0,0,0.569,3
1,6,1,36,0,1,5.00E-02,1,0,0.558,5
1,6,1,37,0,1,0,0,1,0.595,3
1,6,1,38,0,0,5.00E-02,1,1,0.366,1
1,6,1,39,0,0,0,0,0,0.555,3
1,6,1,40,0,0,-5.00E-02,1,1,0.545,1
1,7,1,1,0,1,-5.00E-02,0,1,1.934,5
1,7,1,2,0,1,5.00E-02,1,0,0.803,5
1,7,1,3,0,0,-1.00E-01,1,1,0.582,1
1,7,1,4,0,0,1.00E-01,1,1,0.65,1
1,7,1,5,0,1,5.00E-02,1,0,1.459,5
1,7,1,6,0,1,-5.00E-02,1,0,0.595,5
1,7,1,7,0,0,0,1,1,0.582,3
1,7,1,8,0,0,1.00E-01,0,0,0.651,1
1,7,1,9,0,0,0,1,1,0.411,3
1,7,1,10,0,1,5.00E-02,0,1,0.606,5
1,7,1,11,0,1,0,1,0,0.625,3
1,7,1,12,0,0,1.00E-01,1,1,0.597,1
1,7,1,13,0,0,5.00E-02,0,0,0.361,1
1,7,1,14,0,0,0,1,1,0.262,3
1,7,1,15,0,1,-1.00E-01,1,0,0.432,5
1,7,1,16,0,1,1.00E-01,1,0,0.441,5
1,7,1,17,0,1,1.00E-01,1,0,0.372,5
1,7,1,18,0,1,0,1,0,0.432,3
1,7,1,19,0,0,5.00E-02,0,0,0.698,1
1,7,1,20,0,1,-5.00E-02,1,0,0.385,5
1,7,1,21,0,0,-1.00E-01,1,1,0.397,1
1,7,1,22,0,0,-1.00E-01,0,0,0.456,1
1,7,1,23,0,0,-5.00E-02,1,1,0.138,1
1,7,1,24,0,1,5.00E-02,1,0,0.072,5
1,7,1,25,0,0,5.00E-02,0,0,0.521,1
1,7,1,26,0,0,-5.00E-02,1,1,0.927,1
1,7,1,27,0,0,-5.00E-02,0,0,0.486,1
1,7,1,28,0,1,-1.00E-01,1,0,0.31,5
1,7,1,29,0,0,5.00E-02,0,0,1.029,1
1,7,1,30,0,0,-1.00E-01,1,1,0.559,1
1,7,1,31,0,0,-5.00E-02,1,1,0.49,1
1,7,1,32,0,1,1.00E-01,1,0,0.555,5
1,7,1,33,0,0,0,1,1,1.105,3
1,7,1,34,0,1,-5.00E-02,0,1,0.719,5
1,7,1,35,0,1,-1.00E-01,0,1,0.67,5
1,7,1,36,0,1,0,1,0,0.19,3
1,7,1,37,0,1,0,1,0,0.539,3
1,7,1,38,0,0,1.00E-01,0,0,0.328,1
1,7,1,39,0,1,-1.00E-01,1,0,0.343,5
1,7,1,40,0,1,1.00E-01,0,1,0.581,5
1,8,1,1,0,1,-1.00E-01,1,0,0.765,5
1,8,1,2,0,1,-1.00E-01,1,0,0.433,5
1,8,1,3,0,1,-5.00E-02,1,0,0.363,5
1,8,1,4,0,1,5.00E-02,0,1,0.144,5
1,8,1,5,0,1,5.00E-02,1,0,0.366,5
1,8,1,6,0,0,1.00E-01,1,1,0.411,1
1,8,1,7,0,0,0,1,1,0.542,3
1,8,1,8,0,0,1.00E-01,1,1,0.476,1
1,8,1,9,0,0,-5.00E-02,1,1,0.388,1
1,8,1,10,0,0,0,1,1,0.512,3
1,8,1,11,0,0,-5.00E-02,1,1,0.703,1
1,8,1,12,0,1,-1.00E-01,1,0,0.494,5
1,8,1,13,0,0,-1.00E-01,1,1,0.782,1
1,8,1,14,0,0,5.00E-02,1,1,0.784,1
1,8,1,15,0,1,1.00E-01,0,1,0.469,5
1,8,1,16,0,0,-1.00E-01,0,0,0.822,1
1,8,1,17,0,1,-5.00E-02,1,0,0.632,5
1,8,1,18,0,0,5.00E-02,1,1,0.315,1
1,8,1,19,0,1,-1.00E-01,0,1,0.896,5
1,8,1,20,0,1,0,1,0,0.624,3
1,8,1,21,0,0,1.00E-01,1,1,0.114,1
1,8,1,22,0,0,-5.00E-02,0,0,0.194,1
1,8,1,23,0,0,-1.00E-01,1,1,0.269,1
1,8,1,24,0,0,-1.00E-01,1,1,0.335,1
1,8,1,25,0,1,0,1,0,0.381,3
1,8,1,26,0,0,5.00E-02,0,0,0.273,1
1,8,1,27,0,1,1.00E-01,1,0,0.458,5
1,8,1,28,0,1,5.00E-02,1,0,0.387,5
1,8,1,29,0,1,0,1,0,0.319,3
1,8,1,30,0,0,0,1,1,0.397,3
1,8,1,31,0,1,5.00E-02,1,0,0.505,5
1,8,1,32,0,1,-5.00E-02,1,0,0.393,5
1,8,1,33,0,0,5.00E-02,1,1,0.413,1
1,8,1,34,0,1,0,1,0,0.511,3
1,8,1,35,0,1,1.00E-01,1,0,0.342,5
1,8,1,36,0,0,-5.00E-02,1,1,0.42,1
1,8,1,37,0,0,1.00E-01,1,1,0.455,1
1,8,1,38,0,1,1.00E-01,1,0,0.528,5
1,8,1,39,0,0,0,1,1,0.207,3
1,8,1,40,0,1,-5.00E-02,1,0,0.386,5
1,9,1,1,0,1,5.00E-02,1,0,0.72,5
1,9,1,2,0,1,-1.00E-01,0,1,0.767,5
1,9,1,3,0,0,1.00E-01,1,1,0.219,1
1,9,1,4,0,0,-5.00E-02,1,1,0.573,1
1,9,1,5,0,0,1.00E-01,1,1,0.456,1
1,9,1,6,0,0,-5.00E-02,1,1,0.378,1
1,9,1,7,0,0,5.00E-02,1,1,0.391,1
1,9,1,8,0,0,0,1,1,0.364,3
1,9,1,9,0,1,-5.00E-02,1,0,0.537,5
1,9,1,10,0,0,0,1,1,0.43,3
1,9,1,11,0,0,-1.00E-01,1,1,0.635,1
1,9,1,12,0,1,0,1,0,1.045,3
1,9,1,13,0,1,1.00E-01,0,1,0.246,5
1,9,1,14,0,0,0,0,0,0.632,3
1,9,1,15,0,0,1.00E-01,0,0,2.434,1
1,9,1,16,0,0,1.00E-01,1,1,0.603,1
1,9,1,17,0,1,0,1,0,0.66,3
1,9,1,18,0,0,-1.00E-01,1,1,0.781,1
1,9,1,19,0,1,5.00E-02,1,0,0.634,5
1,9,1,20,0,1,5.00E-02,1,0,0.452,5
1,9,1,21,0,1,-1.00E-01,1,0,0.406,5
1,9,1,22,0,0,-1.00E-01,1,1,1.145,1
1,9,1,23,0,0,-5.00E-02,1,1,0.47,1
1,9,1,24,0,0,5.00E-02,1,1,0.511,1
1,9,1,25,0,1,1.00E-01,1,0,0.59,5
1,9,1,26,0,1,-5.00E-02,1,0,0.801,5
1,9,1,27,0,1,0,0,1,1.34,3
1,9,1,28,0,0,5.00E-02,1,1,0.761,1
1,9,1,29,0,0,-5.00E-02,1,1,0.95,1
1,9,1,30,0,0,5.00E-02,0,0,0.955,1
1,9,1,31,0,1,1.00E-01,1,0,0.631,5
1,9,1,32,0,1,0,0,1,1.473,3
1,9,1,33,0,1,-1.00E-01,0,1,1.329,5
1,9,1,34,0,1,-5.00E-02,0,1,1.047,5
1,9,1,35,0,0,0,1,1,0.778,3
1,9,1,36,0,0,-1.00E-01,1,1,0.612,1
1,9,1,37,0,1,1.00E-01,1,0,0.664,5
1,9,1,38,0,1,5.00E-02,1,0,0.679,5
1,9,1,39,0,1,-5.00E-02,1,0,0.368,5
1,9,1,40,0,1,-1.00E-01,1,0,0.844,5
1,10,1,1,0,1,5.00E-02,1,0,0.694,5
1,10,1,2,0,0,0,1,1,0.813,3
1,10,1,3,0,0,1.00E-01,0,0,0.792,1
1,10,1,4,0,1,-5.00E-02,1,0,0.588,5
1,10,1,5,0,0,5.00E-02,1,1,0.424,1
1,10,1,6,0,1,5.00E-02,0,1,0.746,5
1,10,1,7,0,0,-5.00E-02,1,1,0.352,1
1,10,1,8,0,1,0,1,0,0.365,3
1,10,1,9,0,1,-1.00E-01,1,0,0.386,5
1,10,1,10,0,1,-1.00E-01,1,0,0.35,5
1,10,1,11,0,1,0,1,0,0.651,3
1,10,1,12,0,0,-5.00E-02,0,0,1.507,1
1,10,1,13,0,0,0,1,1,0.627,3
1,10,1,14,0,1,-1.00E-01,0,1,1.413,5
1,10,1,15,0,1,1.00E-01,1,0,0.721,5
1,10,1,16,0,1,0,1,0,0.999,3
1,10,1,17,0,1,5.00E-02,0,1,1.201,5
1,10,1,18,0,1,-1.00E-01,0,1,0.86,5
1,10,1,19,0,0,-1.00E-01,1,1,0.493,1
1,10,1,20,0,0,-5.00E-02,0,0,0.917,1
1,10,1,21,0,0,0,1,1,0.579,3
1,10,1,22,0,0,1.00E-01,1,1,0.344,1
1,10,1,23,0,0,1.00E-01,1,1,0.925,1
1,10,1,24,0,1,1.00E-01,1,0,0.436,5
1,10,1,25,0,0,-1.00E-01,1,1,0.974,1
1,10,1,26,0,1,5.00E-02,1,0,0.378,5
1,10,1,27,0,1,-5.00E-02,1,0,0.23,5
1,10,1,28,0,1,1.00E-01,1,0,0.273,5
1,10,1,29,0,0,-5.00E-02,1,1,0.394,1
1,10,1,30,0,0,0,1,1,0.542,3
1,10,1,31,0,1,-5.00E-02,0,1,0.676,5
1,10,1,32,0,0,-1.00E-01,1,1,0.316,1
1,10,1,33,0,0,-1.00E-01,1,1,0.427,1
1,10,1,34,0,0,5.00E-02,1,1,0.389,1
1,10,1,35,0,1,1.00E-01,0,1,0.466,5
1,10,1,36,0,1,-5.00E-02,1,0,0.29,5
1,10,1,37,0,0,5.00E-02,1,1,0.305,1
1,10,1,38,0,0,5.00E-02,1,1,0.436,1
1,10,1,39,0,1,0,1,0,0.407,3
1,10,1,40,0,0,1.00E-01,1,1,0.41,1
1,11,1,1,0,1,0,1,0,0.731,3
1,11,1,2,0,1,1.00E-01,1,0,0.592,5
1,11,1,3,0,1,-5.00E-02,1,0,0.547,5
1,11,1,4,0,1,1.00E-01,0,1,0.152,5
1,11,1,5,0,0,0,0,0,1.094,3
1,11,1,6,0,1,5.00E-02,1,0,0.444,5
1,11,1,7,0,0,5.00E-02,1,1,0.406,1
1,11,1,8,0,0,-1.00E-01,1,1,0.417,1
1,11,1,9,0,0,-5.00E-02,1,1,0.323,1
1,11,1,10,0,0,1.00E-01,1,1,0.219,1
1,11,1,11,0,1,-1.00E-01,1,0,0.494,5
1,11,1,12,0,1,-1.00E-01,0,1,0.63,5
1,11,1,13,0,0,-1.00E-01,1,1,0.064,1
1,11,1,14,0,0,5.00E-02,1,1,0.441,1
1,11,1,15,0,1,5.00E-02,1,0,0.403,5
1,11,1,16,0,1,-1.00E-01,0,1,0.822,5
1,11,1,17,0,0,5.00E-02,1,1,0.151,1
1,11,1,18,0,0,-1.00E-01,1,1,0.238,1
1,11,1,19,0,0,1.00E-01,0,0,0.145,1
1,11,1,20,0,0,5.00E-02,1,1,0.341,1
1,11,1,21,0,0,0,1,1,0.211,3
1,11,1,22,0,1,-5.00E-02,0,1,0.015,5
1,11,1,23,0,1,0,1,0,0,3
1,11,1,24,0,0,0,1,1,0.405,3
1,11,1,25,0,1,0,0,1,0.528,3
1,11,1,26,0,1,1.00E-01,1,0,0.501,5
1,11,1,27,0,1,5.00E-02,1,0,0.397,5
1,11,1,28,0,1,5.00E-02,0,1,0.969,5
1,11,1,29,0,0,-5.00E-02,1,1,0.301,1
1,11,1,30,0,1,0,1,0,0.405,3
1,11,1,31,0,0,-1.00E-01,1,1,0.712,1
1,11,1,32,0,1,1.00E-01,1,0,0.415,5
1,11,1,33,0,0,-5.00E-02,0,0,0.874,1
1,11,1,34,0,1,-1.00E-01,1,0,0.218,5
1,11,1,35,0,0,1.00E-01,1,1,0.077,1
1,11,1,36,0,0,0,0,0,0.486,3
1,11,1,37,0,1,-5.00E-02,1,0,0.165,5
1,11,1,38,0,0,1.00E-01,1,1,0.154,1
1,11,1,39,0,1,-5.00E-02,1,0,0.216,5
1,11,1,40,0,0,-5.00E-02,1,1,0.467,1
1,12,1,1,0,0,-1.00E-01,1,1,0.785,1
1,12,1,2,0,1,-1.00E-01,0,1,1.02,5
1,12,1,3,0,1,0,1,0,0.575,3
1,12,1,4,0,0,5.00E-02,0,0,0.572,1
1,12,1,5,0,1,1.00E-01,1,0,0.343,5
1,12,1,6,0,1,0,0,1,0.63,3
1,12,1,7,0,1,5.00E-02,1,0,0.776,5
1,12,1,8,0,1,-1.00E-01,1,0,0.547,5
1,12,1,9,0,0,1.00E-01,1,1,0.618,1
1,12,1,10,0,0,1.00E-01,0,0,0.436,1
1,12,1,11,0,1,0,0,1,0.375,3
1,12,1,12,0,1,5.00E-02,1,0,0.523,5
1,12,1,13,0,1,1.00E-01,1,0,0.665,5
1,12,1,14,0,0,-1.00E-01,1,1,0.466,1
1,12,1,15,0,0,-5.00E-02,1,1,0.569,1
1,12,1,16,0,1,-5.00E-02,1,0,0.472,5
1,12,1,17,0,0,5.00E-02,0,0,0.408,1
1,12,1,18,0,0,0,1,1,0.219,3
1,12,1,19,0,1,5.00E-02,1,0,0.51,5
1,12,1,20,0,0,-1.00E-01,1,1,0.525,1
1,12,1,21,0,0,-1.00E-01,1,1,0.579,1
1,12,1,22,0,1,-5.00E-02,0,1,0.392,5
1,12,1,23,0,1,-5.00E-02,1,0,0.315,5
1,12,1,24,0,1,0,0,1,46.49,3
1,12,1,25,0,0,1.00E-01,1,1,0.399,1
1,12,1,26,0,1,1.00E-01,1,0,0.561,5
1,12,1,27,0,0,0,1,1,0.775,3
1,12,1,28,0,0,1.00E-01,1,1,0.571,1
1,12,1,29,0,1,1.00E-01,1,0,0.687,5
1,12,1,30,0,0,-5.00E-02,0,0,0.615,1
1,12,1,31,0,0,0,1,1,0.458,3
1,12,1,32,0,0,-5.00E-02,1,1,0.467,1
1,12,1,33,0,0,5.00E-02,1,1,1.019,1
1,12,1,34,0,0,0,1,1,0.614,3
1,12,1,35,0,0,-5.00E-02,0,0,0.664,1
1,12,1,36,0,1,-5.00E-02,1,0,0.289,5
1,12,1,37,0,1,-1.00E-01,1,0,0.704,5
1,12,1,38,0,1,-1.00E-01,1,0,2.392,5
1,12,1,39,0,0,5.00E-02,1,1,0.659,1
1,12,1,40,0,1,5.00E-02,1,0,0.636,5
1,13,2,1,1,0,0,1,0,0.978,3
1,13,2,2,1,1,-5.00E-02,0,0,0.926,1
1,13,2,3,1,0,-5.00E-02,0,1,0.989,5
1,13,2,4,1,1,-1.00E-01,1,1,0.736,1
1,13,2,5,1,0,0,1,0,0.478,3
1,13,2,6,1,0,-1.00E-01,1,0,0.357,5
1,13,2,7,1,0,-1.00E-01,1,0,0.548,5
1,13,2,8,1,0,-1.00E-01,1,0,0.945,5
1,13,2,9,1,0,1.00E-01,1,0,0.48,5
1,13,2,10,1,1,1.00E-01,1,1,0.464,1
1,13,2,11,1,1,1.00E-01,1,1,0.736,1
1,13,2,12,1,1,0,0,0,0.685,3
1,13,2,13,1,1,-5.00E-02,1,1,0.438,1
1,13,2,14,1,0,1.00E-01,1,0,0.719,5
1,13,2,15,1,1,-1.00E-01,1,1,0.428,1
1,13,2,16,1,1,-1.00E-01,0,0,0.52,1
1,13,2,17,1,1,5.00E-02,1,1,0.319,1
1,13,2,18,1,1,1.00E-01,1,1,0.51,1
1,13,2,19,1,1,-1.00E-01,1,1,0.549,1
1,13,2,20,1,1,5.00E-02,1,1,0.666,1
1,13,2,21,1,0,0,0,1,0.642,3
1,13,2,22,1,0,0,1,0,0.596,3
1,13,2,23,1,0,5.00E-02,0,1,0.719,5
1,13,2,24,1,1,1.00E-01,1,1,0.31,1
1,13,2,25,1,1,-5.00E-02,1,1,0.237,1
1,13,2,26,1,0,5.00E-02,0,1,0.655,5
1,13,2,27,1,1,-5.00E-02,1,1,1.024,1
1,13,2,28,1,0,-5.00E-02,1,0,0.499,5
1,13,2,29,1,0,-5.00E-02,1,0,0.514,5
1,13,2,30,1,0,-1.00E-01,1,0,0.353,5
1,13,2,31,1,1,5.00E-02,0,0,0.542,1
1,13,2,32,1,0,-5.00E-02,1,0,0.348,5
1,13,2,33,1,1,0,1,1,0.681,3
1,13,2,34,1,0,1.00E-01,1,0,0.696,5
1,13,2,35,1,1,0,1,1,0.68,3
1,13,2,36,1,0,5.00E-02,0,1,0.713,5
1,13,2,37,1,0,5.00E-02,1,0,0,5
1,13,2,38,1,1,0,0,0,0.547,3
1,13,2,39,1,1,5.00E-02,1,1,0.417,1
1,13,2,40,1,0,1.00E-01,0,1,0.54,5
1,14,2,1,1,0,0,1,0,0.433,3
1,14,2,2,1,1,-5.00E-02,1,1,0.235,1
1,14,2,3,1,0,1.00E-01,1,0,0.189,5
1,14,2,4,1,0,-5.00E-02,0,1,0.433,5
1,14,2,5,1,1,5.00E-02,0,0,0.803,1
1,14,2,6,1,1,0,1,1,0.886,3
1,14,2,7,1,0,5.00E-02,0,1,0.758,5
1,14,2,8,1,0,-1.00E-01,0,1,0.427,5
1,14,2,9,1,1,-1.00E-01,1,1,1.59,1
1,14,2,10,1,0,-1.00E-01,0,1,0.217,5
1,14,2,11,1,0,-1.00E-01,1,0,0.467,5
1,14,2,12,1,0,0,0,1,0.164,3
1,14,2,13,1,1,0,1,1,0.025,3
1,14,2,14,1,1,-5.00E-02,0,0,0.092,1
1,14,2,15,1,0,5.00E-02,1,0,0.076,5
1,14,2,16,1,0,1.00E-01,0,1,0.253,5
1,14,2,17,1,1,-5.00E-02,0,0,0.462,1
1,14,2,18,1,1,0,1,1,0.392,3
1,14,2,19,1,0,5.00E-02,0,1,0.731,5
1,14,2,20,1,1,1.00E-01,1,1,0.13,1
1,14,2,21,1,0,5.00E-02,0,1,0.088,5
1,14,2,22,1,0,-5.00E-02,0,1,0.488,5
1,14,2,23,1,1,5.00E-02,1,1,0.129,1
1,14,2,24,1,1,1.00E-01,1,1,0.079,1
1,14,2,25,1,1,-5.00E-02,0,0,0.056,1
1,14,2,26,1,0,-1.00E-01,1,0,0.058,5
1,14,2,27,1,1,-1.00E-01,1,1,0.139,1
1,14,2,28,1,1,-1.00E-01,1,1,0.274,1
1,14,2,29,1,0,-5.00E-02,1,0,0.099,5
1,14,2,30,1,0,1.00E-01,1,0,0.21,5
1,14,2,31,1,0,-5.00E-02,0,1,0.349,5
1,14,2,32,1,1,1.00E-01,1,1,0.115,1
1,14,2,33,1,1,5.00E-02,1,1,0.194,1
1,14,2,34,1,1,1.00E-01,0,0,0,1
1,14,2,35,1,0,1.00E-01,1,0,0.185,5
1,14,2,36,1,1,5.00E-02,1,1,0.172,1
1,14,2,37,1,0,0,1,0,0.609,3
1,14,2,38,1,0,0,1,0,0.149,3
1,14,2,39,1,1,-1.00E-01,0,0,0.092,1
1,14,2,40,1,1,0,1,1,0.026,3
1,15,2,1,1,1,1.00E-01,0,0,0.514,1
1,15,2,2,1,0,-5.00E-02,1,0,0.048,5
1,15,2,3,1,1,-5.00E-02,0,0,0.33,1
1,15,2,4,1,0,1.00E-01,1,0,0,5
1,15,2,5,1,1,-5.00E-02,0,0,0,1
1,15,2,6,1,1,-1.00E-01,1,1,0,1
1,15,2,7,1,0,-1.00E-01,1,0,0,5
1,15,2,8,1,1,0,0,0,0.212,3
1,15,2,9,1,1,0,1,1,0.104,3
1,15,2,10,1,0,0,1,0,0.079,3
1,15,2,11,1,1,1.00E-01,0,0,0.688,1
1,15,2,12,1,1,0,1,1,0,3
1,15,2,13,1,1,0,1,1,0.082,3
1,15,2,14,1,1,5.00E-02,0,0,0.051,1
1,15,2,15,1,1,5.00E-02,0,0,0.213,1
1,15,2,16,1,0,0,0,1,0.048,3
1,15,2,17,1,0,1.00E-01,0,1,0.538,5
1,15,2,18,1,0,-1.00E-01,0,1,1.36,5
1,15,2,19,1,1,-1.00E-01,1,1,0.067,1
1,15,2,20,1,0,5.00E-02,1,0,0.085,5
1,15,2,21,1,0,-5.00E-02,0,1,0.397,5
1,15,2,22,1,0,-5.00E-02,1,0,0.089,5
1,15,2,23,1,0,0,1,0,0.257,3
1,15,2,24,1,0,0,0,1,0.482,3
1,15,2,25,1,1,1.00E-01,1,1,0,1
1,15,2,26,1,1,5.00E-02,1,1,0.358,1
1,15,2,27,1,0,-1.00E-01,0,1,0.083,5
1,15,2,28,1,1,-5.00E-02,1,1,0,1
1,15,2,29,1,1,5.00E-02,0,0,0.821,1
1,15,2,30,1,1,1.00E-01,1,1,0,1
1,15,2,31,1,0,5.00E-02,1,0,0.17,5
1,15,2,32,1,0,1.00E-01,1,0,0.16,5
1,15,2,33,1,1,-1.00E-01,0,0,0.806,1
1,15,2,34,1,1,-1.00E-01,1,1,0.121,1
1,15,2,35,1,0,1.00E-01,0,1,0.591,5
1,15,2,36,1,1,-5.00E-02,1,1,0.298,1
1,15,2,37,1,0,5.00E-02,1,0,0.843,5
1,15,2,38,1,0,-5.00E-02,1,0,0.413,5
1,15,2,39,1,0,-1.00E-01,0,1,0.576,5
1,15,2,40,1,0,5.00E-02,1,0,0,5
1,16,2,1,1,0,5.00E-02,0,1,0.449,5
1,16,2,2,1,0,-1.00E-01,1,0,0.139,5
1,16,2,3,1,0,-5.00E-02,1,0,0.073,5
1,16,2,4,1,1,5.00E-02,0,0,0.322,1
1,16,2,5,1,1,5.00E-02,0,0,0.529,1
1,16,2,6,1,1,0,1,1,1.351,3
1,16,2,7,1,1,0,0,0,0.148,3
1,16,2,8,1,0,0,1,0,0.217,3
1,16,2,9,1,0,-1.00E-01,1,0,0.348,5
1,16,2,10,1,0,1.00E-01,1,0,0.25,5
1,16,2,11,1,0,0,1,0,0.339,3
1,16,2,12,1,0,1.00E-01,1,0,0.145,5
1,16,2,13,1,1,1.00E-01,1,1,0.12,1
1,16,2,14,1,1,-5.00E-02,1,1,0.502,1
1,16,2,15,1,0,0,0,1,0.446,3
1,16,2,16,1,0,-5.00E-02,1,0,0.135,5
1,16,2,17,1,1,5.00E-02,1,1,0.07,1
1,16,2,18,1,1,1.00E-01,1,1,0.231,1
1,16,2,19,1,1,-5.00E-02,0,0,0.225,1
1,16,2,20,1,0,-1.00E-01,1,0,0.195,5
1,16,2,21,1,0,-5.00E-02,0,1,0.68,5
1,16,2,22,1,1,-5.00E-02,1,1,0.096,1
1,16,2,23,1,1,0,0,0,0.049,3
1,16,2,24,1,1,-1.00E-01,0,0,0.65,1
1,16,2,25,1,0,0,1,0,0,3
1,16,2,26,1,0,5.00E-02,0,1,1.006,5
1,16,2,27,1,1,-5.00E-02,1,1,0.049,1
1,16,2,28,1,1,-1.00E-01,1,1,0.138,1
1,16,2,29,1,0,-5.00E-02,0,1,0,5
1,16,2,30,1,0,5.00E-02,1,0,0,5
1,16,2,31,1,1,1.00E-01,1,1,0,1
1,16,2,32,1,0,-1.00E-01,0,1,0.001,5
1,16,2,33,1,0,1.00E-01,1,0,0.252,5
1,16,2,34,1,1,1.00E-01,0,0,0.59,1
1,16,2,35,1,1,5.00E-02,0,0,0.186,1
1,16,2,36,1,1,0,1,1,0.422,3
1,16,2,37,1,0,5.00E-02,0,1,0,5
1,16,2,38,1,1,-1.00E-01,1,1,0.004,1
1,16,2,39,1,1,-1.00E-01,0,0,0.078,1
1,16,2,40,1,0,1.00E-01,1,0,0,5
1,17,2,1,1,1,5.00E-02,0,0,1.16,1
1,17,2,2,1,1,1.00E-01,0,0,0.476,1
1,17,2,3,1,0,-1.00E-01,1,0,0,5
1,17,2,4,1,0,1.00E-01,1,0,0,5
1,17,2,5,1,0,-5.00E-02,1,0,0,5
1,17,2,6,1,1,5.00E-02,0,0,0.286,1
1,17,2,7,1,1,-5.00E-02,1,1,0,1
1,17,2,8,1,1,1.00E-01,0,0,0.537,1
1,17,2,9,1,0,1.00E-01,1,0,0.063,5
1,17,2,10,1,0,5.00E-02,1,0,0,5
1,17,2,11,1,0,-5.00E-02,1,0,0,5
1,17,2,12,1,0,-1.00E-01,0,1,0.454,5
1,17,2,13,1,0,-5.00E-02,1,0,0,5
1,17,2,14,1,1,5.00E-02,1,1,0.075,1
1,17,2,15,1,0,5.00E-02,0,1,0,5
1,17,2,16,1,1,-5.00E-02,1,1,0,1
1,17,2,17,1,0,1.00E-01,0,1,0.122,5
1,17,2,18,1,1,0,1,1,0,3
1,17,2,19,1,0,0,1,0,0.019,3
1,17,2,20,1,0,-1.00E-01,1,0,0.006,5
1,17,2,21,1,1,1.00E-01,1,1,0,1
1,17,2,22,1,1,-1.00E-01,1,1,0.7,1
1,17,2,23,1,0,1.00E-01,0,1,0,5
1,17,2,24,1,1,-1.00E-01,1,1,0,1
1,17,2,25,1,1,-5.00E-02,1,1,0.593,1
1,17,2,26,1,0,-5.00E-02,0,1,0.149,5
1,17,2,27,1,0,5.00E-02,1,0,1.675,5
1,17,2,28,1,0,0,1,0,0,3
1,17,2,29,1,1,-5.00E-02,1,1,0.389,1
1,17,2,30,1,1,-1.00E-01,0,0,0.282,1
1,17,2,31,1,1,-1.00E-01,1,1,0.738,1
1,17,2,32,1,1,0,0,0,0.015,3
1,17,2,33,1,0,-1.00E-01,1,0,0.202,5
1,17,2,34,1,1,0,0,0,0.11,3
1,17,2,35,1,0,0,1,0,0.053,3
1,17,2,36,1,1,5.00E-02,1,1,0.295,1
1,17,2,37,1,0,0,0,1,0.054,3
1,17,2,38,1,1,0,0,0,0.616,3
1,17,2,39,1,0,5.00E-02,1,0,0.219,5
1,17,2,40,1,1,1.00E-01,0,0,0.094,1
1,18,2,1,1,1,0,1,1,0.076,3
1,18,2,2,1,0,-5.00E-02,0,1,0.14,5
1,18,2,3,1,1,1.00E-01,0,0,6.047,1
1,18,2,4,1,0,0,1,0,0.332,3
1,18,2,5,1,1,-5.00E-02,0,0,0.337,1
1,18,2,6,1,0,0,1,0,0.16,3
1,18,2,7,1,0,5.00E-02,1,0,0.214,5
1,18,2,8,1,0,1.00E-01,1,0,0.425,5
1,18,2,9,1,0,-1.00E-01,1,0,0.443,5
1,18,2,10,1,0,5.00E-02,1,0,0.373,5
1,18,2,11,1,1,-1.00E-01,0,0,0.538,1
1,18,2,12,1,0,0,1,0,0.191,3
1,18,2,13,1,0,-5.00E-02,0,1,0.307,5
1,18,2,14,1,1,1.00E-01,1,1,0.459,1
1,18,2,15,1,1,1.00E-01,0,0,0.14,1
1,18,2,16,1,0,0,1,0,0.074,3
1,18,2,17,1,1,5.00E-02,0,0,0.484,1
1,18,2,18,1,1,0,1,1,0.412,3
1,18,2,19,1,0,1.00E-01,1,0,0.486,5
1,18,2,20,1,0,-1.00E-01,0,1,0.575,5
1,18,2,21,1,0,-5.00E-02,1,0,0.404,5
1,18,2,22,1,0,5.00E-02,1,0,0.349,5
1,18,2,23,1,1,5.00E-02,1,1,0.468,1
1,18,2,24,1,0,5.00E-02,0,1,0.604,5
1,18,2,25,1,1,-1.00E-01,1,1,0.208,1
1,18,2,26,1,1,-1.00E-01,1,1,0.116,1
1,18,2,27,1,1,-1.00E-01,0,0,0.097,1
1,18,2,28,1,1,5.00E-02,1,1,0.074,1
1,18,2,29,1,0,-1.00E-01,1,0,0.363,5
1,18,2,30,1,1,1.00E-01,0,0,0.167,1
1,18,2,31,1,0,1.00E-01,1,0,0.821,5
1,18,2,32,1,0,1.00E-01,0,1,2.624,5
1,18,2,33,1,0,-1.00E-01,1,0,1.239,5
1,18,2,34,1,1,-5.00E-02,0,0,2.426,1
1,18,2,35,1,1,-5.00E-02,1,1,1.883,1
1,18,2,36,1,1,0,0,0,4.297,3
1,18,2,37,1,1,-5.00E-02,1,1,0.623,1
1,18,2,38,1,1,5.00E-02,0,0,0.193,1
1,18,2,39,1,0,-5.00E-02,1,0,0.173,5
1,18,2,40,1,1,0,0,0,0.586,3
1,19,1,1,0,0,5.00E-02,1,1,0.246,1
1,19,1,2,0,1,-5.00E-02,0,1,0.32,5
1,19,1,3,0,0,-1.00E-01,1,1,0.063,1
1,19,1,4,0,0,0,1,1,0.08,3
1,19,1,5,0,1,0,0,1,0.072,3
1,19,1,6,0,0,-5.00E-02,1,1,0.057,1
1,19,1,7,0,1,-1.00E-01,1,0,0.233,5
1,19,1,8,0,1,0,0,1,0.029,3
1,19,1,9,0,0,5.00E-02,0,0,0.072,1
1,19,1,10,0,0,-1.00E-01,1,1,0,1
1,19,1,11,0,1,-1.00E-01,1,0,0,5
1,19,1,12,0,0,0,0,0,0.646,3
1,19,1,13,0,0,-5.00E-02,1,1,0,1
1,19,1,14,0,1,-5.00E-02,1,0,0.027,5
1,19,1,15,0,1,0,0,1,0,3
1,19,1,16,0,1,1.00E-01,1,0,0,5
1,19,1,17,0,0,5.00E-02,0,0,0.028,1
1,19,1,18,0,1,1.00E-01,1,0,0,5
1,19,1,19,0,1,5.00E-02,1,0,0,5
1,19,1,20,0,1,5.00E-02,0,1,0,5
1,19,1,21,0,0,0,1,1,0.049,3
1,19,1,22,0,1,-5.00E-02,0,1,0,5
1,19,1,23,0,0,1.00E-01,1,1,0,1
1,19,1,24,0,0,0,1,1,0.048,3
1,19,1,25,0,1,1.00E-01,0,1,0.058,5
1,19,1,26,0,1,5.00E-02,1,0,0,5
1,19,1,27,0,1,-1.00E-01,1,0,0.422,5
1,19,1,28,0,0,-1.00E-01,0,0,0.553,1
1,19,1,29,0,0,-1.00E-01,1,1,0,1
1,19,1,30,0,0,-5.00E-02,1,1,0,1
1,19,1,31,0,0,-5.00E-02,1,1,0,1
1,19,1,32,0,1,-1.00E-01,0,1,0.135,5
1,19,1,33,0,1,5.00E-02,1,0,0.102,5
1,19,1,34,0,0,1.00E-01,0,0,0.189,1
1,19,1,35,0,1,-5.00E-02,1,0,0.002,5
1,19,1,36,0,0,5.00E-02,0,0,0,1
1,19,1,37,0,0,1.00E-01,1,1,0,1
1,19,1,38,0,0,1.00E-01,0,0,0.154,1
1,19,1,39,0,1,0,1,0,0.44,3
1,19,1,40,0,1,1.00E-01,0,1,0,5
1,20,2,1,1,1,-5.00E-02,1,1,0.049,1
1,20,2,2,1,0,-5.00E-02,0,1,1.306,5
1,20,2,3,1,0,1.00E-01,0,1,0.137,5
1,20,2,4,1,0,-5.00E-02,1,0,0.006,5
1,20,2,5,1,0,1.00E-01,1,0,0,5
1,20,2,6,1,1,0,0,0,0.005,3
1,20,2,7,1,0,-1.00E-01,1,0,0.08,5
1,20,2,8,1,0,5.00E-02,0,1,0.072,5
1,20,2,9,1,0,0,1,0,0,3
1,20,2,10,1,0,5.00E-02,1,0,0.188,5
1,20,2,11,1,1,-1.00E-01,1,1,0.049,1
1,20,2,12,1,1,-1.00E-01,1,1,0.362,1
1,20,2,13,1,0,-1.00E-01,1,0,0.223,5
1,20,2,14,1,0,1.00E-01,1,0,0.394,5
1,20,2,15,1,1,1.00E-01,0,0,0.662,1
1,20,2,16,1,0,1.00E-01,1,0,0.032,5
1,20,2,17,1,1,5.00E-02,1,1,0.201,1
1,20,2,18,1,1,1.00E-01,0,0,0.077,1
1,20,2,19,1,0,-5.00E-02,1,0,0.101,5
1,20,2,20,1,1,0,1,1,0.054,3
1,20,2,21,1,1,-5.00E-02,0,0,0.175,1
1,20,2,22,1,1,-5.00E-02,1,1,0.636,1
1,20,2,23,1,0,0,0,1,0.069,3
1,20,2,24,1,1,1.00E-01,1,1,0.175,1
1,20,2,25,1,0,-1.00E-01,0,1,0.051,5
1,20,2,26,1,0,0,1,0,0,3
1,20,2,27,1,1,0,1,1,0.032,3
1,20,2,28,1,1,0,0,0,0.035,3
1,20,2,29,1,1,-1.00E-01,1,1,0,1
1,20,2,30,1,1,5.00E-02,0,0,0.12,1
1,20,2,31,1,0,0,1,0,0.559,3
1,20,2,32,1,1,-1.00E-01,1,1,0.204,1
1,20,2,33,1,0,-1.00E-01,1,0,0.119,5
1,20,2,34,1,1,5.00E-02,0,0,0.206,1
1,20,2,35,1,1,1.00E-01,1,1,0.041,1
1,20,2,36,1,1,5.00E-02,0,0,0.124,1
1,20,2,37,1,0,5.00E-02,1,0,0.003,5
1,20,2,38,1,0,5.00E-02,0,1,0.19,5
1,20,2,39,1,0,-5.00E-02,1,0,0.203,5
1,20,2,40,1,1,-5.00E-02,1,1,0.15,1
,,,,,,,,,,
,,,,,,,,,,
,,,,,,,,,,
,,,,,,,,,,
,,,,,,,,,,
,,,,,,,,,,
,,,,,,,,,,
,,,,,,,,,,
,,,,,,,,,,
,,,,,,,,,,
,,,,,,,,,,
,,,,,,,,,,
,,,,,,,,,,
,,,,,,,,,,
,,,,,,,,,,
,,,,,,,,,,
,,,,,,,,,,
,,,,,,,,,,
,,,,,,,,,,
,,,,,,,,,,
,,,,,,,,,,
,,,,,,,,,,
,,,,,,,,,,
,,,,,,,,,,
,,,,,,,,,,
,,,,,,,,,,
,,,,,,,,,,
,,,,,,,,,,
,,,,,,,,,,
,,,,,,,,,,
,,,,,,,,,,
,,,,,,,,,,
,,,,,,,,,,
,,,,,,,,,,
,,,,,,,,,,
,,,,,,,,,,
,,,,,,,,,,
,,,,,,,,,,
,,,,,,,,,,
,,,,,,,,,,
,,,,,,,,,,
,,,,,,,,,,
,,,,,,,,,,
,,,,,,,,,,
,,,,,,,,,,
,,,,,,,,,,
,,,,,,,,,,
,,,,,,,,,,
,,,,,,,,,,
,,,,,,,,,,
,,,,,,,,,,
,,,,,,,,,,
,,,,,,,,,,
,,,,,,,,,,
,,,,,,,,,,
,,,,,,,,,,
,,,,,,,,,,
,,,,,,,,,,
,,,,,,,,,,
,,,,,,,,,,
,,,,,,,,,,
,,,,,,,,,,
,,,,,,,,,,
,,,,,,,,,,
,,,,,,,,,,
,,,,,,,,,,
,,,,,,,,,,
,,,,,,,,,,
,,,,,,,,,,
,,,,,,,,,,
,,,,,,,,,,
,,,,,,,,,,
,,,,,,,,,,
,,,,,,,,,,
,,,,,,,,,,
,,,,,,,,,,
,,,,,,,,,,
,,,,,,,,,,
,,,,,,,,,,
,,,,,,,,,,
,,,,,,,,,,
,,,,,,,,,,
,,,,,,,,,,
,,,,,,,,,,
,,,,,,,,,,
,,,,,,,,,,
,,,,,,,,,,
,,,,,,,,,,
,,,,,,,,,,
,,,,,,,,,,
,,,,,,,,,,
,,,,,,,,,,
,,,,,,,,,,
,,,,,,,,,,
,,,,,,,,,,
,,,,,,,,,,
,,,,,,,,,,
,,,,,,,,,,
,,,,,,,,,,
,,,,,,,,,,
,,,,,,,,,,
,,,,,,,,,,
,,,,,,,,,,
,,,,,,,,,,
,,,,,,,,,,
,,,,,,,,,,
,,,,,,,,,,
,,,,,,,,,,
,,,,,,,,,,
,,,,,,,,,,
,,,,,,,,,,
,,,,,,,,,,
,,,,,,,,,,
,,,,,,,,,,
,,,,,,,,,,
,,,,,,,,,,
,,,,,,,,,,
,,,,,,,,,,
,,,,,,,,,,
,,,,,,,,,,
,,,,,,,,,,
,,,,,,,,,,
,,,,,,,,,,
,,,,,,,,,,
,,,,,,,,,,
,,,,,,,,,,
,,,,,,,,,,
,,,,,,,,,,
,,,,,,,,,,
,,,,,,,,,,
,,,,,,,,,,
,,,,,,,,,,
,,,,,,,,,,
,,,,,,,,,,
,,,,,,,,,,
,,,,,,,,,,
,,,,,,,,,,
,,,,,,,,,,
,,,,,,,,,,
,,,,,,,,,,
,,,,,,,,,,
,,,,,,,,,,
,,,,,,,,,,
,,,,,,,,,,
,,,,,,,,,,
,,,,,,,,,,
,,,,,,,,,,
,,,,,,,,,,
,,,,,,,,,,
,,,,,,,,,,
,,,,,,,,,,
,,,,,,,,,,
,,,,,,,,,,
,,,,,,,,,,
,,,,,,,,,,
,,,,,,,,,,
,,,,,,,,,,
,,,,,,,,,,
,,,,,,,,,,
,,,,,,,,,,
,,,,,,,,,,
,,,,,,,,,,
,,,,,,,,,,
,,,,,,,,,,
,,,,,,,,,,
,,,,,,,,,,
,,,,,,,,,,
,,,,,,,,,,
,,,,,,,,,,
,,,,,,,,,,
,,,,,,,,,,
,,,,,,,,,,
,,,,,,,,,,
,,,,,,,,,,
,,,,,,,,,,
,,,,,,,,,,
,,,,,,,,,,
,,,,,,,,,,
,,,,,,,,,,
,,,,,,,,,,
,,,,,,,,,,
,,,,,,,,,,
,,,,,,,,,,
,,,,,,,,,,
,,,,,,,,,,
,,,,,,,,,,
,,,,,,,,,,
,,,,,,,,,,
,,,,,,,,,,
,,,,,,,,,,
,,,,,,,,,,
,,,,,,,,,,
,,,,,,,,,,
,,,,,,,,,,
,,,,,,,,,,
,,,,,,,,,,
,,,,,,,,,,
,,,,,,,,,,
,,,,,,,,,,
,,,,,,,,,,
,,,,,,,,,,
,,,,,,,,,,
,,,,,,,,,,
,,,,,,,,,,
,,,,,,,,,,
,,,,,,,,,,
,,,,,,,,,,
,,,,,,,,,,
,,,,,,,,,,
,,,,,,,,,,
,,,,,,,,,,
,,,,,,,,,,
,,,,,,,,,,
,,,,,,,,,,
,,,,,,,,,,
,,,,,,,,,,
,,,,,,,,,,
,,,,,,,,,,
,,,,,,,,,,
,,,,,,,,,,
,,,,,,,,,,
,,,,,,,,,,
,,,,,,,,,,
,,,,,,,,,,
,,,,,,,,,,
,,,,,,,,,,
,,,,,,,,,,
,,,,,,,,,,
,,,,,,,,,,
,,,,,,,,,,
,,,,,,,,,,
,,,,,,,,,,
,,,,,,,,,,
,,,,,,,,,,
,,,,,,,,,,
,,,,,,,,,,
,,,,,,,,,,
,,,,,,,,,,
,,,,,,,,,,
,,,,,,,,,,
,,,,,,,,,,
,,,,,,,,,,
,,,,,,,,,,
,,,,,,,,,,
,,,,,,,,,,
,,,,,,,,,,
,,,,,,,,,,
,,,,,,,,,,
,,,,,,,,,,
,,,,,,,,,,
,,,,,,,,,,
,,,,,,,,,,
,,,,,,,,,,
,,,,,,,,,,
,,,,,,,,,,
,,,,,,,,,,
,,,,,,,,,,
,,,,,,,,,,
,,,,,,,,,,
,,,,,,,,,,
,,,,,,,,,,
,,,,,,,,,,
,,,,,,,,,,
,,,,,,,,,,
,,,,,,,,,,
,,,,,,,,,,
,,,,,,,,,,
,,,,,,,,,,
,,,,,,,,,,
,,,,,,,,,,
,,,,,,,,,,
,,,,,,,,,,
,,,,,,,,,,
,,,,,,,,,,
,,,,,,,,,,
,,,,,,,,,,
,,,,,,,,,,
,,,,,,,,,,
,,,,,,,,,,
,,,,,,,,,,
,,,,,,,,,,
,,,,,,,,,,
,,,,,,,,,,
,,,,,,,,,,
,,,,,,,,,,
,,,,,,,,,,
,,,,,,,,,,
,,,,,,,,,,
,,,,,,,,,,
,,,,,,,,,,
,,,,,,,,,,
,,,,,,,,,,
,,,,,,,,,,
,,,,,,,,,,
,,,,,,,,,,
,,,,,,,,,,
,,,,,,,,,,
,,,,,,,,,,
,,,,,,,,,,
,,,,,,,,,,
,,,,,,,,,,
,,,,,,,,,,
,,,,,,,,,,
,,,,,,,,,,
,,,,,,,,,,
,,,,,,,,,,
,,,,,,,,,,
,,,,,,,,,,
,,,,,,,,,,
,,,,,,,,,,
,,,,,,,,,,
,,,,,,,,,,
,,,,,,,,,,
,,,,,,,,,,
,,,,,,,,,,
,,,,,,,,,,
,,,,,,,,,,
,,,,,,,,,,
,,,,,,,,,,
,,,,,,,,,,
,,,,,,,,,,
,,,,,,,,,,
,,,,,,,,,,
,,,,,,,,,,
,,,,,,,,,,
,,,,,,,,,,
,,,,,,,,,,
,,,,,,,,,,
,,,,,,,,,,
,,,,,,,,,,
,,,,,,,,,,
,,,,,,,,,,
,,,,,,,,,,
,,,,,,,,,,
,,,,,,,,,,
,,,,,,,,,,
,,,,,,,,,,
,,,,,,,,,,
,,,,,,,,,,
,,,,,,,,,,
,,,,,,,,,,
,,,,,,,,,,
,,,,,,,,,,
,,,,,,,,,,
,,,,,,,,,,
,,,,,,,,,,
,,,,,,,,,,
,,,,,,,,,,
,,,,,,,,,,
,,,,,,,,,,
,,,,,,,,,,
,,,,,,,,,,
,,,,,,,,,,
,,,,,,,,,,
,,,,,,,,,,
,,,,,,,,,,
,,,,,,,,,,
,,,,,,,,,,
,,,,,,,,,,
,,,,,,,,,,
,,,,,,,,,,
,,,,,,,,,,
,,,,,,,,,,
,,,,,,,,,,
,,,,,,,,,,
,,,,,,,,,,
,,,,,,,,,,
,,,,,,,,,,
,,,,,,,,,,
,,,,,,,,,,
,,,,,,,,,,
,,,,,,,,,,
,,,,,,,,,,
,,,,,,,,,,
,,,,,,,,,,
,,,,,,,,,,
,,,,,,,,,,
,,,,,,,,,,
,,,,,,,,,,
,,,,,,,,,,
,,,,,,,,,,
,,,,,,,,,,
,,,,,,,,,,
,,,,,,,,,,
,,,,,,,,,,
,,,,,,,,,,
,,,,,,,,,,
,,,,,,,,,,
,,,,,,,,,,
,,,,,,,,,,
,,,,,,,,,,
,,,,,,,,,,
,,,,,,,,,,
,,,,,,,,,,
,,,,,,,,,,
,,,,,,,,,,
,,,,,,,,,,
,,,,,,,,,,
,,,,,,,,,,
,,,,,,,,,,
,,,,,,,,,,
,,,,,,,,,,
,,,,,,,,,,
,,,,,,,,,,
,,,,,,,,,,
,,,,,,,,,,
,,,,,,,,,,
,,,,,,,,,,
,,,,,,,,,,
,,,,,,,,,,
,,,,,,,,,,
,,,,,,,,,,
,,,,,,,,,,
,,,,,,,,,,
,,,,,,,,,,
,,,,,,,,,,
,,,,,,,,,,
,,,,,,,,,,
,,,,,,,,,,
,,,,,,,,,,
,,,,,,,,,,
,,,,,,,,,,
,,,,,,,,,,
,,,,,,,,,,
,,,,,,,,,,
,,,,,,,,,,
,,,,,,,,,,
,,,,,,,,,,
,,,,,,,,,,
,,,,,,,,,,
,,,,,,,,,,
,,,,,,,,,,
,,,,,,,,,,
,,,,,,,,,,
,,,,,,,,,,
,,,,,,,,,,
,,,,,,,,,,
,,,,,,,,,,
,,,,,,,,,,
,,,,,,,,,,
,,,,,,,,,,
,,,,,,,,,,
,,,,,,,,,,
,,,,,,,,,,
,,,,,,,,,,
,,,,,,,,,,
,,,,,,,,,,
,,,,,,,,,,
,,,,,,,,,,
,,,,,,,,,,
,,,,,,,,,,
,,,,,,,,,,
,,,,,,,,,,
,,,,,,,,,,
,,,,,,,,,,
,,,,,,,,,,
,,,,,,,,,,
,,,,,,,,,,
,,,,,,,,,,
,,,,,,,,,,
,,,,,,,,,,
,,,,,,,,,,
,,,,,,,,,,
,,,,,,,,,,
,,,,,,,,,,
,,,,,,,,,,
,,,,,,,,,,
,,,,,,,,,,
,,,,,,,,,,
,,,,,,,,,,
,,,,,,,,,,
,,,,,,,,,,
,,,,,,,,,,
,,,,,,,,,,
,,,,,,,,,,
,,,,,,,,,,
,,,,,,,,,,
,,,,,,,,,,
,,,,,,,,,,
,,,,,,,,,,
,,,,,,,,,,
,,,,,,,,,,
,,,,,,,,,,
,,,,,,,,,,
,,,,,,,,,,
,,,,,,,,,,
,,,,,,,,,,
,,,,,,,,,,
,,,,,,,,,,
,,,,,,,,,,
,,,,,,,,,,
,,,,,,,,,,
,,,,,,,,,,
,,,,,,,,,,
,,,,,,,,,,
,,,,,,,,,,
,,,,,,,,,,
,,,,,,,,,,
,,,,,,,,,,
,,,,,,,,,,
,,,,,,,,,,
,,,,,,,,,,
,,,,,,,,,,
,,,,,,,,,,
,,,,,,,,,,
,,,,,,,,,,
,,,,,,,,,,
,,,,,,,,,,
,,,,,,,,,,
,,,,,,,,,,
,,,,,,,,,,
,,,,,,,,,,
,,,,,,,,,,
,,,,,,,,,,
,,,,,,,,,,
,,,,,,,,,,
,,,,,,,,,,
,,,,,,,,,,
,,,,,,,,,,
,,,,,,,,,,
,,,,,,,,,,
,,,,,,,,,,
,,,,,,,,,,
,,,,,,,,,,
,,,,,,,,,,
,,,,,,,,,,
,,,,,,,,,,
,,,,,,,,,,
,,,,,,,,,,
,,,,,,,,,,
,,,,,,,,,,
,,,,,,,,,,
,,,,,,,,,,
,,,,,,,,,,
,,,,,,,,,,
,,,,,,,,,,
,,,,,,,,,,
,,,,,,,,,,
,,,,,,,,,,
,,,,,,,,,,
,,,,,,,,,,
,,,,,,,,,,
,,,,,,,,,,
,,,,,,,,,,
,,,,,,,,,,
,,,,,,,,,,
,,,,,,,,,,
,,,,,,,,,,
,,,,,,,,,,
,,,,,,,,,,
,,,,,,,,,,
,,,,,,,,,,
,,,,,,,,,,
,,,,,,,,,,
,,,,,,,,,,
,,,,,,,,,,
,,,,,,,,,,
,,,,,,,,,,
,,,,,,,,,,
,,,,,,,,,,
,,,,,,,,,,
,,,,,,,,,,
,,,,,,,,,,
,,,,,,,,,,
,,,,,,,,,,
,,,,,,,,,,
,,,,,,,,,,
,,,,,,,,,,
,,,,,,,,,,
,,,,,,,,,,
,,,,,,,,,,
,,,,,,,,,,
,,,,,,,,,,
,,,,,,,,,,
,,,,,,,,,,
,,,,,,,,,,
,,,,,,,,,,
,,,,,,,,,,
,,,,,,,,,,
,,,,,,,,,,
,,,,,,,,,,
,,,,,,,,,,
,,,,,,,,,,
,,,,,,,,,,
,,,,,,,,,,
,,,,,,,,,,
,,,,,,,,,,
,,,,,,,,,,
,,,,,,,,,,
,,,,,,,,,,
,,,,,,,,,,
,,,,,,,,,,
,,,,,,,,,,
,,,,,,,,,,
,,,,,,,,,,
,,,,,,,,,,
,,,,,,,,,,
,,,,,,,,,,
,,,,,,,,,,
,,,,,,,,,,
,,,,,,,,,,
,,,,,,,,,,
,,,,,,,,,,
,,,,,,,,,,
,,,,,,,,,,
,,,,,,,,,,
,,,,,,,,,,
,,,,,,,,,,
,,,,,,,,,,
,,,,,,,,,,
,,,,,,,,,,
,,,,,,,,,,
,,,,,,,,,,
,,,,,,,,,,
,,,,,,,,,,
,,,,,,,,,,
,,,,,,,,,,
,,,,,,,,,,
,,,,,,,,,,
,,,,,,,,,,
,,,,,,,,,,
,,,,,,,,,,
,,,,,,,,,,
,,,,,,,,,,
,,,,,,,,,,
,,,,,,,,,,
,,,,,,,,,,
,,,,,,,,,,
,,,,,,,,,,
,,,,,,,,,,
,,,,,,,,,,
,,,,,,,,,,
,,,,,,,,,,
,,,,,,,,,,
,,,,,,,,,,
,,,,,,,,,,
,,,,,,,,,,
,,,,,,,,,,
,,,,,,,,,,
,,,,,,,,,,
,,,,,,,,,,
,,,,,,,,,,
,,,,,,,,,,
,,,,,,,,,,
,,,,,,,,,,
,,,,,,,,,,
,,,,,,,,,,
,,,,,,,,,,
,,,,,,,,,,
,,,,,,,,,,
,,,,,,,,,,
,,,,,,,,,,
,,,,,,,,,,
,,,,,,,,,,
,,,,,,,,,,
,,,,,,,,,,
,,,,,,,,,,
,,,,,,,,,,
,,,,,,,,,,
,,,,,,,,,,
,,,,,,,,,,
,,,,,,,,,,
,,,,,,,,,,
,,,,,,,,,,
,,,,,,,,,,
,,,,,,,,,,
,,,,,,,,,,
,,,,,,,,,,
,,,,,,,,,,
,,,,,,,,,,
,,,,,,,,,,
,,,,,,,,,,
,,,,,,,,,,
,,,,,,,,,,
,,,,,,,,,,
,,,,,,,,,,
,,,,,,,,,,
,,,,,,,,,,
,,,,,,,,,,
,,,,,,,,,,
,,,,,,,,,,
,,,,,,,,,,
,,,,,,,,,,
,,,,,,,,,,
,,,,,,,,,,
,,,,,,,,,,
,,,,,,,,,,
,,,,,,,,,,
,,,,,,,,,,
,,,,,,,,,,
,,,,,,,,,,
,,,,,,,,,,
,,,,,,,,,,
,,,,,,,,,,
,,,,,,,,,,
,,,,,,,,,,
,,,,,,,,,,
,,,,,,,,,,
,,,,,,,,,,
,,,,,,,,,,
,,,,,,,,,,
,,,,,,,,,,
,,,,,,,,,,
,,,,,,,,,,
,,,,,,,,,,
,,,,,,,,,,
,,,,,,,,,,
,,,,,,,,,,
,,,,,,,,,,
,,,,,,,,,,
,,,,,,,,,,
,,,,,,,,,,
,,,,,,,,,,
,,,,,,,,,,
,,,,,,,,,,
,,,,,,,,,,
,,,,,,,,,,
,,,,,,,,,,
,,,,,,,,,,
2,1,1,1,0,0,-1.000000e-01,1,1,5.446,1
2,1,1,2,0,0,-1.000000e-01,0,0,21.832,1
2,1,1,3,0,0,-5.000000e-02,1,1,1.394,1
2,1,1,4,0,1,1.000000e-01,1,0,1.381,5
2,1,1,5,0,0,1.000000e-01,1,1,1.624,1
2,1,1,6,0,1,-5.000000e-02,1,0,1.618,5
2,1,1,7,0,1,0,1,0,1.644,3
2,1,1,8,0,0,1.000000e-01,0,0,1.404,1
2,1,1,9,0,1,5.000000e-02,1,0,1.367,5
2,1,1,10,0,1,5.000000e-02,1,0,1.300,5
2,1,1,11,0,0,5.000000e-02,1,1,1.930,1
2,1,1,12,0,1,1.000000e-01,1,0,1.494,5
2,1,1,13,0,0,0,0,0,0.853,3
2,1,1,14,0,1,-5.000000e-02,1,0,0.437,5
2,1,1,15,0,0,0,0,0,0.817,3
2,1,1,16,0,0,-5.000000e-02,1,1,0.763,1
2,1,1,17,0,1,-1.000000e-01,1,0,0.648,5
2,1,1,18,0,1,5.000000e-02,1,0,0.617,5
2,1,1,19,0,1,0,1,0,0.532,3
2,1,1,20,0,0,1.000000e-01,0,0,1.170,1
2,1,1,21,0,0,0,0,0,1.382,3
2,1,1,22,0,0,-5.000000e-02,0,0,1.569,1
2,1,1,23,0,1,-1.000000e-01,1,0,0.596,5
2,1,1,24,0,1,0,1,0,1.351,3
2,1,1,25,0,0,1.000000e-01,0,0,1.756,1
2,1,1,26,0,0,5.000000e-02,1,1,1.257,1
2,1,1,27,0,1,1.000000e-01,1,0,0.817,5
2,1,1,28,0,1,-5.000000e-02,1,0,1.619,5
2,1,1,29,0,1,1.000000e-01,0,1,1.469,5
2,1,1,30,0,1,-1.000000e-01,1,0,0.965,5
2,1,1,31,0,0,5.000000e-02,1,1,0.929,1
2,1,1,32,0,0,5.000000e-02,1,1,1.144,1
2,1,1,33,0,0,-1.000000e-01,0,0,1.261,1
2,1,1,34,0,1,5.000000e-02,0,1,2.141,5
2,1,1,35,0,0,0,1,1,1.602,3
2,1,1,36,0,1,-1.000000e-01,0,1,1.348,5
2,1,1,37,0,0,-5.000000e-02,1,1,0.609,1
2,1,1,38,0,1,-5.000000e-02,1,0,0.892,5
2,1,1,39,0,1,0,1,0,1.148,3
2,1,1,40,0,0,-1.000000e-01,0,0,1.712,1
2,2,2,1,1,0,-5.000000e-02,1,0,1.834,5
2,2,2,2,1,1,5.000000e-02,1,1,1.363,1
2,2,2,3,1,0,0,1,0,1.239,3
2,2,2,4,1,1,1.000000e-01,1,1,3.920,1
2,2,2,5,1,1,1.000000e-01,1,1,1.004,1
2,2,2,6,1,0,5.000000e-02,1,0,1.079,5
2,2,2,7,1,0,0,1,0,1.039,3
2,2,2,8,1,1,1.000000e-01,1,1,1.145,1
2,2,2,9,1,1,0,0,0,0.822,3
2,2,2,10,1,0,-1.000000e-01,1,0,1.223,5
2,2,2,11,1,0,0,1,0,1.162,3
2,2,2,12,1,1,0,0,0,0.927,3
2,2,2,13,1,0,-1.000000e-01,1,0,1.188,5
2,2,2,14,1,1,5.000000e-02,1,1,2.960,1
2,2,2,15,1,0,1.000000e-01,1,0,0.659,5
2,2,2,16,1,0,-5.000000e-02,1,0,1.060,5
2,2,2,17,1,1,5.000000e-02,0,0,0.852,1
2,2,2,18,1,1,-5.000000e-02,1,1,0.606,1
2,2,2,19,1,0,5.000000e-02,1,0,0.321,5
2,2,2,20,1,1,0,1,1,0.880,3
2,2,2,21,1,1,-5.000000e-02,1,1,0.713,1
2,2,2,22,1,0,1.000000e-01,1,0,0.528,5
2,2,2,23,1,1,-1.000000e-01,1,1,0.694,1
2,2,2,24,1,0,-1.000000e-01,1,0,0.750,5
2,2,2,25,1,0,-1.000000e-01,1,0,0.595,5
2,2,2,26,1,1,-1.000000e-01,0,0,1.743,1
2,2,2,27,1,1,-1.000000e-01,1,1,0.963,1
2,2,2,28,1,0,5.000000e-02,1,0,0.528,5
2,2,2,29,1,0,5.000000e-02,1,0,0.503,5
2,2,2,30,1,1,-1.000000e-01,1,1,0.597,1
2,2,2,31,1,0,1.000000e-01,1,0,0.657,5
2,2,2,32,1,1,0,1,1,5.602,3
2,2,2,33,1,0,0,1,0,0.425,3
2,2,2,34,1,0,-5.000000e-02,1,0,0.708,5
2,2,2,35,1,1,1.000000e-01,1,1,0.723,1
2,2,2,36,1,0,1.000000e-01,1,0,0.577,5
2,2,2,37,1,1,-5.000000e-02,0,0,1.190,1
2,2,2,38,1,1,-5.000000e-02,1,1,0.881,1
2,2,2,39,1,0,-5.000000e-02,1,0,1.025,5
2,2,2,40,1,1,5.000000e-02,1,1,0.923,1
2,3,2,1,1,1,-1.000000e-01,1,1,1.767,1
2,3,2,2,1,1,-1.000000e-01,0,0,1.346,1
2,3,2,3,1,0,-5.000000e-02,1,0,0.799,5
2,3,2,4,1,1,5.000000e-02,1,1,0.746,1
2,3,2,5,1,0,5.000000e-02,1,0,1.224,5
2,3,2,6,1,0,-1.000000e-01,1,0,0.906,5
2,3,2,7,1,0,0,1,0,0.569,3
2,3,2,8,1,0,0,1,0,0.597,3
2,3,2,9,1,1,0,0,0,0.848,3
2,3,2,10,1,1,-5.000000e-02,0,0,0.432,1
2,3,2,11,1,1,-5.000000e-02,0,0,0.651,1
2,3,2,12,1,1,5.000000e-02,0,0,3.140,1
2,3,2,13,1,0,-1.000000e-01,1,0,0.895,5
2,3,2,14,1,1,5.000000e-02,0,0,0.776,1
2,3,2,15,1,0,0,1,0,0.396,3
2,3,2,16,1,0,5.000000e-02,1,0,0.528,5
2,3,2,17,1,0,-1.000000e-01,1,0,0.447,5
2,3,2,18,1,1,1.000000e-01,1,1,0.304,1
2,3,2,19,1,0,-1.000000e-01,1,0,0.384,5
2,3,2,20,1,1,1.000000e-01,0,0,1.252,1
2,3,2,21,1,0,-5.000000e-02,1,0,0.397,5
2,3,2,22,1,0,-5.000000e-02,0,1,0.768,5
2,3,2,23,1,0,-5.000000e-02,1,0,0.340,5
2,3,2,24,1,0,1.000000e-01,0,1,1.419,5
2,3,2,25,1,1,-5.000000e-02,1,1,0.549,1
2,3,2,26,1,1,-5.000000e-02,1,1,0.858,1
2,3,2,27,1,1,0,0,0,1.251,3
2,3,2,28,1,1,5.000000e-02,1,1,0.587,1
2,3,2,29,1,0,1.000000e-01,0,1,2.023,5
2,3,2,30,1,1,-1.000000e-01,1,1,0.545,1
2,3,2,31,1,1,-1.000000e-01,1,1,0.870,1
2,3,2,32,1,0,5.000000e-02,1,0,0.535,5
2,3,2,33,1,0,5.000000e-02,1,0,0.501,5
2,3,2,34,1,1,0,1,1,2.556,3
2,3,2,35,1,1,1.000000e-01,1,1,3.992,1
2,3,2,36,1,1,0,1,1,1.240,3
2,3,2,37,1,1,1.000000e-01,0,0,1.169,1
2,3,2,38,1,0,0,1,0,0.478,3
2,3,2,39,1,0,1.000000e-01,1,0,0.813,5
2,3,2,40,1,0,1.000000e-01,1,0,0.593,5
2,4,2,1,1,0,0,1,0,0.788,3
2,4,2,2,1,0,-5.000000e-02,1,0,1.144,5
2,4,2,3,1,0,5.000000e-02,0,1,1.245,5
2,4,2,4,1,1,5.000000e-02,1,1,0.543,1
2,4,2,5,1,1,5.000000e-02,1,1,0.740,1
2,4,2,6,1,1,0,1,1,0.513,3
2,4,2,7,1,0,-1.000000e-01,1,0,0.553,5
2,4,2,8,1,1,5.000000e-02,0,0,1.390,1
2,4,2,9,1,1,0,1,1,1.714,3
2,4,2,10,1,1,-5.000000e-02,1,1,0.791,1
2,4,2,11,1,0,1.000000e-01,1,0,0.531,5
2,4,2,12,1,0,-1.000000e-01,0,1,0.905,5
2,4,2,13,1,0,-5.000000e-02,1,0,0.543,5
2,4,2,14,1,1,0,1,1,0.596,3
2,4,2,15,1,1,-1.000000e-01,0,0,0.712,1
2,4,2,16,1,1,-5.000000e-02,1,1,9.360,1
2,4,2,17,1,0,-1.000000e-01,1,0,0.590,5
2,4,2,18,1,1,1.000000e-01,1,1,3.376,1
2,4,2,19,1,1,1.000000e-01,1,1,0.652,1
2,4,2,20,1,1,1.000000e-01,0,0,0.653,1
2,4,2,21,1,0,1.000000e-01,1,0,0.566,5
2,4,2,22,1,0,5.000000e-02,1,0,0.707,5
2,4,2,23,1,0,-1.000000e-01,0,1,1.049,5
2,4,2,24,1,1,5.000000e-02,1,1,0.706,1
2,4,2,25,1,1,-1.000000e-01,1,1,0.762,1
2,4,2,26,1,0,-5.000000e-02,1,0,1.935,5
2,4,2,27,1,1,-5.000000e-02,1,1,0.956,1
2,4,2,28,1,1,0,1,1,1.073,3
2,4,2,29,1,0,-5.000000e-02,1,0,0.617,5
2,4,2,30,1,0,0,0,1,1.355,3
2,4,2,31,1,0,1.000000e-01,1,0,0.399,5
2,4,2,32,1,0,5.000000e-02,1,0,0.803,5
2,4,2,33,1,1,-1.000000e-01,1,1,1.718,1
2,4,2,34,1,0,0,0,1,2.530,3
2,4,2,35,1,1,-5.000000e-02,1,1,2.185,1
2,4,2,36,1,0,5.000000e-02,1,0,1.115,5
2,4,2,37,1,0,1.000000e-01,0,1,1.330,5
2,4,2,38,1,0,0,0,1,3.143,3
2,4,2,39,1,1,-1.000000e-01,1,1,0.547,1
2,4,2,40,1,1,1.000000e-01,0,0,0.952,1
2,5,1,1,0,1,1.000000e-01,0,1,1.617,5
2,5,1,2,0,1,5.000000e-02,0,1,1.819,5
2,5,1,3,0,0,1.000000e-01,1,1,0.564,1
2,5,1,4,0,1,-5.000000e-02,1,0,0.553,5
2,5,1,5,0,0,5.000000e-02,1,1,0.878,1
2,5,1,6,0,1,-5.000000e-02,0,1,0.495,5
2,5,1,7,0,1,5.000000e-02,1,0,0.534,5
2,5,1,8,0,0,0,1,1,0.621,3
2,5,1,9,0,1,0,1,0,0.542,3
2,5,1,10,0,0,-1.000000e-01,1,1,0.629,1
2,5,1,11,0,1,0,1,0,1.168,3
2,5,1,12,0,0,0,1,1,0.483,3
2,5,1,13,0,0,5.000000e-02,1,1,0.595,1
2,5,1,14,0,1,1.000000e-01,1,0,2.263,5
2,5,1,15,0,0,5.000000e-02,0,0,0.719,1
2,5,1,16,0,1,1.000000e-01,1,0,0.582,5
2,5,1,17,0,1,-1.000000e-01,1,0,0.561,5
2,5,1,18,0,0,-1.000000e-01,0,0,0.550,1
2,5,1,19,0,0,-1.000000e-01,1,1,0.570,1
2,5,1,20,0,0,1.000000e-01,1,1,0.519,1
2,5,1,21,0,0,-5.000000e-02,0,0,0.608,1
2,5,1,22,0,1,-1.000000e-01,1,0,0.546,5
2,5,1,23,0,0,-5.000000e-02,1,1,0.768,1
2,5,1,24,0,0,-1.000000e-01,0,0,1.092,1
2,5,1,25,0,1,-5.000000e-02,1,0,0.484,5
2,5,1,26,0,0,5.000000e-02,1,1,1.410,1
2,5,1,27,0,0,-5.000000e-02,1,1,0.622,1
2,5,1,28,0,0,0,1,1,0.937,3
2,5,1,29,0,1,0,0,1,0.454,3
2,5,1,30,0,0,1.000000e-01,0,0,1.488,1
2,5,1,31,0,1,1.000000e-01,1,0,0.462,5
2,5,1,32,0,0,-5.000000e-02,0,0,1.072,1
2,5,1,33,0,1,5.000000e-02,0,1,0.887,5
2,5,1,34,0,1,0,1,0,0.535,3
2,5,1,35,0,0,1.000000e-01,1,1,1.789,1
2,5,1,36,0,1,5.000000e-02,0,1,1.048,5
2,5,1,37,0,1,-5.000000e-02,1,0,1.513,5
2,5,1,38,0,1,-1.000000e-01,1,0,0.799,5
2,5,1,39,0,1,-1.000000e-01,1,0,0.714,5
2,5,1,40,0,0,0,0,0,0.841,3
2,6,1,1,0,0,1.000000e-01,1,1,0.688,1
2,6,1,2,0,0,-1.000000e-01,0,0,0.605,1
2,6,1,3,0,1,5.000000e-02,0,1,0.747,5
2,6,1,4,0,1,-1.000000e-01,1,0,0.520,5
2,6,1,5,0,1,-1.000000e-01,1,0,0.494,5
2,6,1,6,0,0,5.000000e-02,0,0,0.694,1
2,6,1,7,0,1,-5.000000e-02,1,0,0.350,5
2,6,1,8,0,0,0,0,0,0.595,3
2,6,1,9,0,1,-5.000000e-02,1,0,0.343,5
2,6,1,10,0,1,0,0,1,0.709,3
2,6,1,11,0,1,-5.000000e-02,1,0,1.004,5
2,6,1,12,0,0,-5.000000e-02,1,1,1.167,1
2,6,1,13,0,1,1.000000e-01,0,1,0.507,5
2,6,1,14,0,1,1.000000e-01,1,0,2.794,5
2,6,1,15,0,0,1.000000e-01,0,0,0.573,1
2,6,1,16,0,0,5.000000e-02,0,0,0.727,1
2,6,1,17,0,1,1.000000e-01,1,0,0.508,5
2,6,1,18,0,0,1.000000e-01,0,0,0.693,1
2,6,1,19,0,0,0,0,0,3.245,3
2,6,1,20,0,1,1.000000e-01,1,0,0.819,5
2,6,1,21,0,1,5.000000e-02,0,1,0.783,5
2,6,1,22,0,0,-5.000000e-02,1,1,0.450,1
2,6,1,23,0,0,-1.000000e-01,1,1,0.660,1
2,6,1,24,0,1,-5.000000e-02,0,1,0.533,5
2,6,1,25,0,1,5.000000e-02,0,1,1.491,5
2,6,1,26,0,1,0,0,1,0.753,3
2,6,1,27,0,1,0,0,1,0.679,3
2,6,1,28,0,0,1.000000e-01,1,1,1.112,1
2,6,1,29,0,0,-1.000000e-01,0,0,1.918,1
2,6,1,30,0,0,5.000000e-02,1,1,0.779,1
2,6,1,31,0,1,-1.000000e-01,0,1,0.712,5
2,6,1,32,0,0,-5.000000e-02,0,0,0.727,1
2,6,1,33,0,1,-1.000000e-01,0,1,0.764,5
2,6,1,34,0,0,-1.000000e-01,0,0,1.530,1
2,6,1,35,0,0,0,0,0,0.894,3
2,6,1,36,0,1,5.000000e-02,1,0,0.703,5
2,6,1,37,0,1,0,1,0,0.518,3
2,6,1,38,0,0,5.000000e-02,0,0,1.892,1
2,6,1,39,0,0,0,0,0,2.483,3
2,6,1,40,0,0,-5.000000e-02,0,0,2.498,1
2,7,1,1,0,1,-5.000000e-02,1,0,0.826,5
2,7,1,2,0,1,5.000000e-02,0,1,1.477,5
2,7,1,3,0,0,-1.000000e-01,1,1,0.707,1
2,7,1,4,0,0,1.000000e-01,0,0,0.859,1
2,7,1,5,0,1,5.000000e-02,0,1,0.836,5
2,7,1,6,0,1,-5.000000e-02,1,0,0.622,5
2,7,1,7,0,0,0,1,1,0.601,3
2,7,1,8,0,0,1.000000e-01,1,1,0.604,1
2,7,1,9,0,0,0,0,0,0.631,3
2,7,1,10,0,1,5.000000e-02,0,1,1.049,5
2,7,1,11,0,1,0,1,0,0.874,3
2,7,1,12,0,0,1.000000e-01,0,0,0.898,1
2,7,1,13,0,0,5.000000e-02,1,1,0.809,1
2,7,1,14,0,0,0,0,0,0.476,3
2,7,1,15,0,1,-1.000000e-01,0,1,0.932,5
2,7,1,16,0,1,1.000000e-01,1,0,0.810,5
2,7,1,17,0,1,1.000000e-01,0,1,0.741,5
2,7,1,18,0,1,0,0,1,0.697,3
2,7,1,19,0,0,5.000000e-02,0,0,0.673,1
2,7,1,20,0,1,-5.000000e-02,0,1,1.130,5
2,7,1,21,0,0,-1.000000e-01,1,1,0.584,1
2,7,1,22,0,0,-1.000000e-01,0,0,0.788,1
2,7,1,23,0,0,-5.000000e-02,0,0,0.663,1
2,7,1,24,0,1,5.000000e-02,0,1,0.792,5
2,7,1,25,0,0,5.000000e-02,0,0,1.092,1
2,7,1,26,0,0,-5.000000e-02,0,0,1.499,1
2,7,1,27,0,0,-5.000000e-02,0,0,1.786,1
2,7,1,28,0,1,-1.000000e-01,0,1,2.477,5
2,7,1,29,0,0,5.000000e-02,1,1,1.540,1
2,7,1,30,0,0,-1.000000e-01,1,1,1.631,1
2,7,1,31,0,0,-5.000000e-02,0,0,1.338,1
2,7,1,32,0,1,1.000000e-01,1,0,0.535,5
2,7,1,33,0,0,0,0,0,0.797,3
2,7,1,34,0,1,-5.000000e-02,1,0,1.443,5
2,7,1,35,0,1,-1.000000e-01,1,0,0.756,5
2,7,1,36,0,1,0,0,1,1.018,3
2,7,1,37,0,1,0,1,0,0.427,3
2,7,1,38,0,0,1.000000e-01,1,1,1.151,1
2,7,1,39,0,1,-1.000000e-01,1,0,2.843,5
2,7,1,40,0,1,1.000000e-01,1,0,0.915,5
2,8,1,1,0,1,-1.000000e-01,1,0,0.877,5
2,8,1,2,0,1,-1.000000e-01,1,0,0.630,5
2,8,1,3,0,1,-5.000000e-02,1,0,0.543,5
2,8,1,4,0,1,5.000000e-02,0,1,0.902,5
2,8,1,5,0,1,5.000000e-02,1,0,0.364,5
2,8,1,6,0,0,1.000000e-01,0,0,0.824,1
2,8,1,7,0,0,0,1,1,0.388,3
2,8,1,8,0,0,1.000000e-01,1,1,0.791,1
2,8,1,9,0,0,-5.000000e-02,1,1,0.651,1
2,8,1,10,0,0,0,1,1,1.139,3
2,8,1,11,0,0,-5.000000e-02,1,1,0.466,1
2,8,1,12,0,1,-1.000000e-01,1,0,1.035,5
2,8,1,13,0,0,-1.000000e-01,1,1,1.204,1
2,8,1,14,0,0,5.000000e-02,1,1,0.671,1
2,8,1,15,0,1,1.000000e-01,0,1,0.887,5
2,8,1,16,0,0,-1.000000e-01,1,1,1.047,1
2,8,1,17,0,1,-5.000000e-02,0,1,0.688,5
2,8,1,18,0,0,5.000000e-02,0,0,0.743,1
2,8,1,19,0,1,-1.000000e-01,1,0,0.621,5
2,8,1,20,0,1,0,1,0,0.752,3
2,8,1,21,0,0,1.000000e-01,0,0,1.220,1
2,8,1,22,0,0,-5.000000e-02,0,0,1.374,1
2,8,1,23,0,0,-1.000000e-01,1,1,0.770,1
2,8,1,24,0,0,-1.000000e-01,1,1,0.646,1
2,8,1,25,0,1,0,0,1,0.904,3
2,8,1,26,0,0,5.000000e-02,1,1,0.903,1
2,8,1,27,0,1,1.000000e-01,1,0,0.757,5
2,8,1,28,0,1,5.000000e-02,1,0,1.643,5
2,8,1,29,0,1,0,0,1,0.660,3
2,8,1,30,0,0,0,1,1,0.611,3
2,8,1,31,0,1,5.000000e-02,0,1,0.790,5
2,8,1,32,0,1,-5.000000e-02,0,1,0.876,5
2,8,1,33,0,0,5.000000e-02,0,0,0.916,1
2,8,1,34,0,1,0,1,0,0.697,3
2,8,1,35,0,1,1.000000e-01,0,1,0.809,5
2,8,1,36,0,0,-5.000000e-02,0,0,0.916,1
2,8,1,37,0,0,1.000000e-01,0,0,0.859,1
2,8,1,38,0,1,1.000000e-01,1,0,0.500,5
2,8,1,39,0,0,0,0,0,1.083,3
2,8,1,40,0,1,-5.000000e-02,1,0,0.562,5
2,9,1,1,0,1,5.000000e-02,1,0,0.785,5
2,9,1,2,0,1,-1.000000e-01,1,0,1.085,5
2,9,1,3,0,0,1.000000e-01,0,0,0.571,1
2,9,1,4,0,0,-5.000000e-02,0,0,0.401,1
2,9,1,5,0,0,1.000000e-01,0,0,0.492,1
2,9,1,6,0,0,-5.000000e-02,0,0,1.051,1
2,9,1,7,0,0,5.000000e-02,0,0,0.477,1
2,9,1,8,0,0,0,0,0,0.414,3
2,9,1,9,0,1,-5.000000e-02,1,0,1.936,5
2,9,1,10,0,0,0,0,0,0.397,3
2,9,1,11,0,0,-1.000000e-01,0,0,1.048,1
2,9,1,12,0,1,0,1,0,0.537,3
2,9,1,13,0,1,1.000000e-01,1,0,0.399,5
2,9,1,14,0,0,0,0,0,0.539,3
2,9,1,15,0,0,1.000000e-01,0,0,0.489,1
2,9,1,16,0,0,1.000000e-01,0,0,0.673,1
2,9,1,17,0,1,0,1,0,0.409,3
2,9,1,18,0,0,-1.000000e-01,0,0,0.443,1
2,9,1,19,0,1,5.000000e-02,1,0,0.486,5
2,9,1,20,0,1,5.000000e-02,1,0,0.365,5
2,9,1,21,0,1,-1.000000e-01,1,0,0.404,5
2,9,1,22,0,0,-1.000000e-01,0,0,0.422,1
2,9,1,23,0,0,-5.000000e-02,0,0,1.241,1
2,9,1,24,0,0,5.000000e-02,0,0,0.922,1
2,9,1,25,0,1,1.000000e-01,0,1,0.536,5
2,9,1,26,0,1,-5.000000e-02,0,1,2.014,5
2,9,1,27,0,1,0,0,1,0.720,3
2,9,1,28,0,0,5.000000e-02,0,0,1.087,1
2,9,1,29,0,0,-5.000000e-02,0,0,5.822,1
2,9,1,30,0,0,5.000000e-02,0,0,1.356,1
2,9,1,31,0,1,1.000000e-01,1,0,0.449,5
2,9,1,32,0,1,0,1,0,0.474,3
2,9,1,33,0,1,-1.000000e-01,1,0,0.475,5
2,9,1,34,0,1,-5.000000e-02,1,0,3.660,5
2,9,1,35,0,0,0,0,0,0.730,3
2,9,1,36,0,0,-1.000000e-01,1,1,1.704,1
2,9,1,37,0,1,1.000000e-01,0,1,3.342,5
2,9,1,38,0,1,5.000000e-02,1,0,0.450,5
2,9,1,39,0,1,-5.000000e-02,1,0,0.323,5
2,9,1,40,0,1,-1.000000e-01,1,0,0.354,5
2,10,1,1,0,1,5.000000e-02,1,0,0.912,5
2,10,1,2,0,0,0,0,0,0.607,3
2,10,1,3,0,0,1.000000e-01,0,0,0.498,1
2,10,1,4,0,1,-5.000000e-02,0,1,0.633,5
2,10,1,5,0,0,5.000000e-02,0,0,0.739,1
2,10,1,6,0,1,5.000000e-02,0,1,0.743,5
2,10,1,7,0,0,-5.000000e-02,1,1,0.751,1
2,10,1,8,0,1,0,0,1,0.682,3
2,10,1,9,0,1,-1.000000e-01,1,0,0.755,5
2,10,1,10,0,1,-1.000000e-01,0,1,1.288,5
2,10,1,11,0,1,0,0,1,0.504,3
2,10,1,12,0,0,-5.000000e-02,1,1,0.639,1
2,10,1,13,0,0,0,1,1,0.817,3
2,10,1,14,0,1,-1.000000e-01,1,0,0.587,5
2,10,1,15,0,1,1.000000e-01,1,0,0.630,5
2,10,1,16,0,1,0,1,0,0.481,3
2,10,1,17,0,1,5.000000e-02,1,0,0.641,5
2,10,1,18,0,1,-1.000000e-01,1,0,0.466,5
2,10,1,19,0,0,-1.000000e-01,1,1,0.827,1
2,10,1,20,0,0,-5.000000e-02,1,1,1.029,1
2,10,1,21,0,0,0,0,0,0.831,3
2,10,1,22,0,0,1.000000e-01,0,0,0.553,1
2,10,1,23,0,0,1.000000e-01,0,0,0.582,1
2,10,1,24,0,1,1.000000e-01,0,1,0.842,5
2,10,1,25,0,0,-1.000000e-01,0,0,0.643,1
2,10,1,26,0,1,5.000000e-02,0,1,0.734,5
2,10,1,27,0,1,-5.000000e-02,0,1,0.571,5
2,10,1,28,0,1,1.000000e-01,0,1,0.752,5
2,10,1,29,0,0,-5.000000e-02,0,0,1.101,1
2,10,1,30,0,0,0,1,1,0.820,3
2,10,1,31,0,1,-5.000000e-02,0,1,0.942,5
2,10,1,32,0,0,-1.000000e-01,0,0,0.650,1
2,10,1,33,0,0,-1.000000e-01,1,1,0.763,1
2,10,1,34,0,0,5.000000e-02,0,0,1.145,1
2,10,1,35,0,1,1.000000e-01,0,1,1.431,5
2,10,1,36,0,1,-5.000000e-02,1,0,0.526,5
2,10,1,37,0,0,5.000000e-02,0,0,1.150,1
2,10,1,38,0,0,5.000000e-02,1,1,2.323,1
2,10,1,39,0,1,0,0,1,0.800,3
2,10,1,40,0,0,1.000000e-01,0,0,7.531,1
2,11,1,1,0,1,0,0,1,1.751,3
2,11,1,2,0,1,1.000000e-01,1,0,1.067,5
2,11,1,3,0,1,-5.000000e-02,0,1,0.915,5
2,11,1,4,0,1,1.000000e-01,0,1,0.641,5
2,11,1,5,0,0,0,1,1,0.723,3
2,11,1,6,0,1,5.000000e-02,0,1,1.082,5
2,11,1,7,0,0,5.000000e-02,1,1,0.970,1
2,11,1,8,0,0,-1.000000e-01,1,1,1.430,1
2,11,1,9,0,0,-5.000000e-02,1,1,1.071,1
2,11,1,10,0,0,1.000000e-01,0,0,3.760,1
2,11,1,11,0,1,-1.000000e-01,0,1,0.562,5
2,11,1,12,0,1,-1.000000e-01,0,1,0.552,5
2,11,1,13,0,0,-1.000000e-01,0,0,0.460,1
2,11,1,14,0,0,5.000000e-02,0,0,0.718,1
2,11,1,15,0,1,5.000000e-02,0,1,3.861,5
2,11,1,16,0,1,-1.000000e-01,0,1,1.451,5
2,11,1,17,0,0,5.000000e-02,1,1,0.636,1
2,11,1,18,0,0,-1.000000e-01,0,0,1.766,1
2,11,1,19,0,0,1.000000e-01,0,0,4.273,1
2,11,1,20,0,0,5.000000e-02,1,1,0.526,1
2,11,1,21,0,0,0,0,0,1.550,3
2,11,1,22,0,1,-5.000000e-02,0,1,1.849,5
2,11,1,23,0,1,0,1,0,0.570,3
2,11,1,24,0,0,0,1,1,1.030,3
2,11,1,25,0,1,0,0,1,2.343,3
2,11,1,26,0,1,1.000000e-01,1,0,0.394,5
2,11,1,27,0,1,5.000000e-02,1,0,1.368,5
2,11,1,28,0,1,5.000000e-02,0,1,7.628,5
2,11,1,29,0,0,-5.000000e-02,1,1,1.863,1
2,11,1,30,0,1,0,1,0,0.593,3
2,11,1,31,0,0,-1.000000e-01,1,1,0.498,1
2,11,1,32,0,1,1.000000e-01,0,1,0.883,5
2,11,1,33,0,0,-5.000000e-02,1,1,0.555,1
2,11,1,34,0,1,-1.000000e-01,1,0,0.816,5
2,11,1,35,0,0,1.000000e-01,1,1,0.491,1
2,11,1,36,0,0,0,0,0,0.954,3
2,11,1,37,0,1,-5.000000e-02,1,0,0.463,5
2,11,1,38,0,0,1.000000e-01,0,0,0.784,1
2,11,1,39,0,1,-5.000000e-02,1,0,0.444,5
2,11,1,40,0,0,-5.000000e-02,1,1,0.437,1
2,12,1,1,0,0,-1.000000e-01,0,0,5.834,1
2,12,1,2,0,1,-1.000000e-01,1,0,0.552,5
2,12,1,3,0,1,0,1,0,0.365,3
2,12,1,4,0,0,5.000000e-02,1,1,2.426,1
2,12,1,5,0,1,1.000000e-01,1,0,0.379,5
2,12,1,6,0,1,0,1,0,4.416,3
2,12,1,7,0,1,5.000000e-02,0,1,0.752,5
2,12,1,8,0,1,-1.000000e-01,1,0,0.724,5
2,12,1,9,0,0,1.000000e-01,1,1,1.004,1
2,12,1,10,0,0,1.000000e-01,1,1,0.846,1
2,12,1,11,0,1,0,0,1,1.000,3
2,12,1,12,0,1,5.000000e-02,1,0,2.810,5
2,12,1,13,0,1,1.000000e-01,0,1,3.196,5
2,12,1,14,0,0,-1.000000e-01,0,0,0.622,1
2,12,1,15,0,0,-5.000000e-02,0,0,0.992,1
2,12,1,16,0,1,-5.000000e-02,0,1,0.956,5
2,12,1,17,0,0,5.000000e-02,0,0,0.920,1
2,12,1,18,0,0,0,0,0,0.775,3
2,12,1,19,0,1,5.000000e-02,0,1,1.187,5
2,12,1,20,0,0,-1.000000e-01,0,0,1.294,1
2,12,1,21,0,0,-1.000000e-01,1,1,0.901,1
2,12,1,22,0,1,-5.000000e-02,1,0,0.507,5
2,12,1,23,0,1,-5.000000e-02,0,1,0.000,5
2,12,1,24,0,1,0,0,1,0.000,3
2,12,1,25,0,0,1.000000e-01,0,0,1.018,1
2,12,1,26,0,1,1.000000e-01,0,1,0.780,5
2,12,1,27,0,0,0,1,1,0.975,3
2,12,1,28,0,0,1.000000e-01,1,1,0.611,1
2,12,1,29,0,1,1.000000e-01,1,0,0.559,5
2,12,1,30,0,0,-5.000000e-02,1,1,0.732,1
2,12,1,31,0,0,0,1,1,2.186,3
2,12,1,32,0,0,-5.000000e-02,0,0,0.628,1
2,12,1,33,0,0,5.000000e-02,0,0,10.215,1
2,12,1,34,0,0,0,0,0,1.259,3
2,12,1,35,0,0,-5.000000e-02,0,0,0.000,1
2,12,1,36,0,1,-5.000000e-02,0,1,0.670,5
2,12,1,37,0,1,-1.000000e-01,1,0,0.605,5
2,12,1,38,0,1,-1.000000e-01,0,1,0.585,5
2,12,1,39,0,0,5.000000e-02,1,1,6.852,1
2,12,1,40,0,1,5.000000e-02,0,1,0.546,5
2,13,2,1,1,0,0,1,0,0.639,3
2,13,2,2,1,1,-5.000000e-02,0,0,0.585,1
2,13,2,3,1,0,-5.000000e-02,0,1,0.956,5
2,13,2,4,1,1,-1.000000e-01,0,0,0.713,1
2,13,2,5,1,0,0,0,1,0.744,3
2,13,2,6,1,0,-1.000000e-01,0,1,0.878,5
2,13,2,7,1,0,-1.000000e-01,1,0,0.446,5
2,13,2,8,1,0,-1.000000e-01,1,0,0.456,5
2,13,2,9,1,0,1.000000e-01,1,0,0.658,5
2,13,2,10,1,1,1.000000e-01,1,1,0.667,1
2,13,2,11,1,1,1.000000e-01,1,1,1.187,1
2,13,2,12,1,1,0,1,1,0.783,3
2,13,2,13,1,1,-5.000000e-02,1,1,0.874,1
2,13,2,14,1,0,1.000000e-01,1,0,0.587,5
2,13,2,15,1,1,-1.000000e-01,1,1,0.790,1
2,13,2,16,1,1,-1.000000e-01,1,1,0.658,1
2,13,2,17,1,1,5.000000e-02,1,1,0.513,1
2,13,2,18,1,1,1.000000e-01,1,1,0.586,1
2,13,2,19,1,1,-1.000000e-01,1,1,0.550,1
2,13,2,20,1,1,5.000000e-02,1,1,0.419,1
2,13,2,21,1,0,0,1,0,0.598,3
2,13,2,22,1,0,0,1,0,0.537,3
2,13,2,23,1,0,5.000000e-02,1,0,0.469,5
2,13,2,24,1,1,1.000000e-01,1,1,0.160,1
2,13,2,25,1,1,-5.000000e-02,1,1,0.349,1
2,13,2,26,1,0,5.000000e-02,1,0,0.354,5
2,13,2,27,1,1,-5.000000e-02,1,1,0.096,1
2,13,2,28,1,0,-5.000000e-02,1,0,0.280,5
2,13,2,29,1,0,-5.000000e-02,1,0,0.377,5
2,13,2,30,1,0,-1.000000e-01,1,0,0.246,5
2,13,2,31,1,1,5.000000e-02,1,1,0.215,1
2,13,2,32,1,0,-5.000000e-02,1,0,0.218,5
2,13,2,33,1,1,0,1,1,0.269,3
2,13,2,34,1,0,1.000000e-01,1,0,0.278,5
2,13,2,35,1,1,0,1,1,0.183,3
2,13,2,36,1,0,5.000000e-02,1,0,0.035,5
2,13,2,37,1,0,5.000000e-02,1,0,0.197,5
2,13,2,38,1,1,0,1,1,0.265,3
2,13,2,39,1,1,5.000000e-02,1,1,0.210,1
2,13,2,40,1,0,1.000000e-01,1,0,0.157,5
2,14,2,1,1,0,0,0,1,1.005,3
2,14,2,2,1,1,-5.000000e-02,1,1,0.391,1
2,14,2,3,1,0,1.000000e-01,1,0,0.372,5
2,14,2,4,1,0,-5.000000e-02,1,0,0.385,5
2,14,2,5,1,1,5.000000e-02,0,0,0.732,1
2,14,2,6,1,1,0,0,0,0.601,3
2,14,2,7,1,0,5.000000e-02,1,0,0.806,5
2,14,2,8,1,0,-1.000000e-01,0,1,0.601,5
2,14,2,9,1,1,-1.000000e-01,0,0,0.756,1
2,14,2,10,1,0,-1.000000e-01,0,1,0.737,5
2,14,2,11,1,0,-1.000000e-01,0,1,0.710,5
2,14,2,12,1,0,0,0,1,0.829,3
2,14,2,13,1,1,0,1,1,0.800,3
2,14,2,14,1,1,-5.000000e-02,1,1,0.963,1
2,14,2,15,1,0,5.000000e-02,0,1,0.416,5
2,14,2,16,1,0,1.000000e-01,1,0,0.466,5
2,14,2,17,1,1,-5.000000e-02,0,0,0.539,1
2,14,2,18,1,1,0,0,0,0.480,3
2,14,2,19,1,0,5.000000e-02,1,0,0.249,5
2,14,2,20,1,1,1.000000e-01,0,0,0.562,1
2,14,2,21,1,0,5.000000e-02,1,0,0.327,5
2,14,2,22,1,0,-5.000000e-02,0,1,0.765,5
2,14,2,23,1,1,5.000000e-02,0,0,0.371,1
2,14,2,24,1,1,1.000000e-01,0,0,0.429,1
2,14,2,25,1,1,-5.000000e-02,0,0,0.457,1
2,14,2,26,1,0,-1.000000e-01,1,0,0.514,5
2,14,2,27,1,1,-1.000000e-01,0,0,0.377,1
2,14,2,28,1,1,-1.000000e-01,0,0,0.606,1
2,14,2,29,1,0,-5.000000e-02,1,0,0.577,5
2,14,2,30,1,0,1.000000e-01,1,0,0.805,5
2,14,2,31,1,0,-5.000000e-02,1,0,0.359,5
2,14,2,32,1,1,1.000000e-01,0,0,0.902,1
2,14,2,33,1,1,5.000000e-02,1,1,0.628,1
2,14,2,34,1,1,1.000000e-01,0,0,0.559,1
2,14,2,35,1,0,1.000000e-01,1,0,0.413,5
2,14,2,36,1,1,5.000000e-02,1,1,0.616,1
2,14,2,37,1,0,0,1,0,0.488,3
2,14,2,38,1,0,0,1,0,0.594,3
2,14,2,39,1,1,-1.000000e-01,0,0,0.846,1
2,14,2,40,1,1,0,0,0,0.913,3
2,15,2,1,1,1,1.000000e-01,1,1,0.838,1
2,15,2,2,1,0,-5.000000e-02,1,0,0.808,5
2,15,2,3,1,1,-5.000000e-02,0,0,0.984,1
2,15,2,4,1,0,1.000000e-01,1,0,0.204,5
2,15,2,5,1,1,-5.000000e-02,0,0,0.415,1
2,15,2,6,1,1,-1.000000e-01,0,0,0.714,1
2,15,2,7,1,0,-1.000000e-01,1,0,0.257,5
2,15,2,8,1,1,0,0,0,0.507,3
2,15,2,9,1,1,0,1,1,0.753,3
2,15,2,10,1,0,0,1,0,0.421,3
2,15,2,11,1,1,1.000000e-01,1,1,1.457,1
2,15,2,12,1,1,0,0,0,1.944,3
2,15,2,13,1,1,0,0,0,0.519,3
2,15,2,14,1,1,5.000000e-02,0,0,0.469,1
2,15,2,15,1,1,5.000000e-02,0,0,0.414,1
2,15,2,16,1,0,0,0,1,2.137,3
2,15,2,17,1,0,1.000000e-01,1,0,0.469,5
2,15,2,18,1,0,-1.000000e-01,1,0,0.502,5
2,15,2,19,1,1,-1.000000e-01,0,0,0.413,1
2,15,2,20,1,0,5.000000e-02,1,0,0.384,5
2,15,2,21,1,0,-5.000000e-02,0,1,0.291,5
2,15,2,22,1,0,-5.000000e-02,1,0,0.573,5
2,15,2,23,1,0,0,1,0,0.439,3
2,15,2,24,1,0,0,1,0,0.659,3
2,15,2,25,1,1,1.000000e-01,0,0,0.794,1
2,15,2,26,1,1,5.000000e-02,0,0,0.936,1
2,15,2,27,1,0,-1.000000e-01,1,0,0.501,5
2,15,2,28,1,1,-5.000000e-02,0,0,1.500,1
2,15,2,29,1,1,5.000000e-02,1,1,1.107,1
2,15,2,30,1,1,1.000000e-01,0,0,0.882,1
2,15,2,31,1,0,5.000000e-02,1,0,1.409,5
2,15,2,32,1,0,1.000000e-01,0,1,1.332,5
2,15,2,33,1,1,-1.000000e-01,0,0,0.649,1
2,15,2,34,1,1,-1.000000e-01,0,0,0.746,1
2,15,2,35,1,0,1.000000e-01,1,0,0.632,5
2,15,2,36,1,1,-5.000000e-02,1,1,1.082,1
2,15,2,37,1,0,5.000000e-02,1,0,0.561,5
2,15,2,38,1,0,-5.000000e-02,1,0,0.431,5
2,15,2,39,1,0,-1.000000e-01,1,0,0.585,5
2,15,2,40,1,0,5.000000e-02,1,0,0.412,5
